,column-1,column-1 2,column-3,column-4,column-5
0,1,(-),로스트아크,스마일게이트 STOVE,MMORPG
1,2,(-),리그 오브 레전드,라이엇 게임즈,AOS
2,3,(-),피파온라인4,NEXON COMPANY,스포츠
3,4,(-),메이플스토리,넥슨 코리아,롤플레잉
4,5,(-),카트라이더,NEXON COMPANY,자동차 경주
5,6,(-),배틀그라운드,"KAKAO GAMES CORP., PUBG",FPS
6,7,(-),던전앤파이터,넥슨 코리아,액션
7,8,(-),아스텔리아,NEXON COMPANY,롤플레잉
8,9,(-),서든어택,넥슨 코리아,FPS
9,10,(-),오버워치,블리자드,FPS
10,11,(-),천하제일상 거상,AK INTERACTIVE,롤플레잉
11,12,(-),리니지,엔씨소프트,롤플레잉
12,13,(-),포트나이트,네오위즈,RTS
13,14,(-),마인크래프트,모장,어드벤처
14,15,(-),테일즈런너,스마일게이트 메가포트,캐주얼 게임
15,16,(+1),사이퍼즈,넥슨 코리아,액션
16,17,(+1),아이온: 영원의 탑,엔씨소프트,롤플레잉
17,18,(+1),검은사막,카카오게임즈,롤플레잉
18,19,(+1),엘소드,넥슨 코리아,롤플레잉
19,20,(+1),크레이지 아케이드 비엔비,넥슨 코리아,캐주얼 게임
20,21,(-5),블레이드앤소울,엔씨소프트,롤플레잉
21,22,(+1),바람의나라,넥슨 코리아,롤플레잉
22,23,(-1),리니지2,엔씨소프트,롤플레잉
23,24,(-),배틀라이트,넥슨코리아,AOS
24,25,(-),마비노기 영웅전,넥슨 코리아,롤플레잉
25,26,(-),마비노기,넥슨 코리아,롤플레잉
26,27,(new),히어로즈 오브 더 스톰,"Blizzard Entertainment, Inc.",카드
27,28,(+1),월드 오브 워크래프트,블리자드,롤플레잉
28,29,(+1),클로저스,넥슨 코리아,액션
29,30,(+1),버블파이터,로두마니 스튜디오,캐주얼 게임
30,31,(+1),몬스터헌터 월드,"CAPCOM CO., LTD.",액션
31,32,(-4),스타크래프트: 브루드 워,블리자드 엔터테인먼트,RTS
0,1,(-),로스트아크,스마일게이트 STOVE,MMORPG
1,2,(-),리그 오브 레전드,라이엇 게임즈,AOS
2,3,(+1),메이플스토리,넥슨 코리아,롤플레잉
3,4,(-1),피파온라인4,NEXON COMPANY,스포츠
4,5,(-),카트라이더,NEXON COMPANY,자동차 경주
5,6,(-),배틀그라운드,"KAKAO GAMES CORP., PUBG",FPS
6,7,(-),던전앤파이터,넥슨 코리아,액션
7,8,(+1),서든어택,넥슨 코리아,FPS
8,9,(+1),오버워치,블리자드,FPS
9,10,(+1),천하제일상 거상,AK INTERACTIVE,롤플레잉
10,11,(+1),리니지,엔씨소프트,롤플레잉
11,12,(+2),마인크래프트,모장,어드벤처
12,13,(-5),아스텔리아,NEXON COMPANY,MMORPG
13,14,(+1),테일즈런너,스마일게이트 메가포트,캐주얼 게임
14,15,(+6),블레이드앤소울,엔씨소프트,롤플레잉
15,16,(-3),포트나이트,네오위즈,RTS
16,17,(-1),사이퍼즈,넥슨 코리아,액션
17,18,(+2),크레이지 아케이드 비엔비,넥슨 코리아,캐주얼 게임
18,19,(-2),아이온: 영원의 탑,엔씨소프트,롤플레잉
19,20,(-2),검은사막,카카오게임즈,롤플레잉
20,21,(-2),엘소드,넥슨 코리아,롤플레잉
21,22,(-),바람의나라,넥슨 코리아,롤플레잉
22,23,(-),리니지2,엔씨소프트,롤플레잉
23,24,(-),배틀라이트,넥슨코리아,AOS
24,25,(+1),마비노기,넥슨 코리아,롤플레잉
25,26,(-1),마비노기 영웅전,넥슨 코리아,롤플레잉
26,27,(new),라테일,액토즈소프트,롤플레잉
27,28,(+1),클로저스,넥슨 코리아,액션
28,29,(+1),버블파이터,로두마니 스튜디오,캐주얼 게임
29,30,(+2),스타크래프트: 브루드 워,블리자드 엔터테인먼트,RTS
30,31,(-),몬스터헌터 월드,"CAPCOM CO., LTD.",액션
31,32,(-4),월드 오브 워크래프트,블리자드,롤플레잉
0,1,(-),로스트아크,스마일게이트 STOVE,MMORPG
1,2,(-),리그 오브 레전드,라이엇 게임즈,AOS
2,3,(-),메이플스토리,넥슨 코리아,롤플레잉
3,4,(-),피파온라인4,NEXON COMPANY,스포츠
4,5,(-),카트라이더,NEXON COMPANY,스포츠
5,6,(-),배틀그라운드,"KAKAO GAMES CORP., PUBG",FPS
6,7,(-),던전앤파이터,넥슨 코리아,액션
7,8,(-),서든어택,넥슨 코리아,FPS
8,9,(+3),마인크래프트,모장,어드벤처
9,10,(-1),오버워치,블리자드,FPS
10,11,(-1),천하제일상 거상,AK INTERACTIVE,롤플레잉
11,12,(-1),리니지,엔씨소프트,롤플레잉
12,13,(+1),테일즈런너,스마일게이트 메가포트,캐주얼 게임
13,14,(+1),블레이드앤소울,엔씨소프트,롤플레잉
14,15,(+2),사이퍼즈,넥슨 코리아,액션
15,16,(-3),아스텔리아,NEXON COMPANY,롤플레잉
16,17,(+3),검은사막,카카오게임즈,롤플레잉
17,18,(+1),아이온: 영원의 탑,엔씨소프트,롤플레잉
18,19,(-1),크레이지 아케이드 비엔비,넥슨 코리아,캐주얼 게임
19,20,(-4),포트나이트,네오위즈,RTS
20,21,(-),엘소드,넥슨 코리아,롤플레잉
21,22,(-),바람의나라,넥슨 코리아,롤플레잉
0,1,(+2),메이플스토리,NEXON Company,롤플레잉
1,2,(-),리그 오브 레전드,라이엇 게임즈,AOS
2,3,(-2),로스트아크,스마일게이트 STOVE,MMORPG
3,4,(-),피파온라인4,NEXON COMPANY,스포츠
4,5,(-),카트라이더,NEXON COMPANY,스포츠
5,6,(+1),던전앤파이터,넥슨 코리아,액션
6,7,(-1),배틀그라운드,"Kakao Games Corp., PUBG",FPS
7,8,(+2),오버워치,블리자드,FPS
8,9,(-1),서든어택,넥슨 코리아,FPS
9,10,(+1),천하제일상 거상,AK INTERACTIVE,롤플레잉
10,11,(-2),마인크래프트,모장,어드벤처
11,12,(-),리니지,엔씨소프트,롤플레잉
12,13,(-),테일즈런너,스마일게이트 메가포트,캐주얼 게임
13,14,(-),블레이드앤소울,엔씨소프트,롤플레잉
14,15,(-),사이퍼즈,넥슨 코리아,액션
15,16,(+1),검은사막,카카오게임즈,롤플레잉
16,17,(+1),아이온: 영원의 탑,엔씨소프트,롤플레잉
17,18,(-2),아스텔리아,NEXON Company,MMORPG
18,19,(-),크레이지 아케이드 비엔비,넥슨 코리아,캐주얼 게임
19,20,(+1),엘소드,넥슨 코리아,롤플레잉
20,21,(-1),포트나이트,네오위즈,서바이벌
21,22,(-),바람의나라,넥슨 코리아,롤플레잉
22,23,(-),리니지2,엔씨소프트,롤플레잉
23,24,(+2),디아블로3,넥슨 코리아,롤플레잉
24,25,(-1),마비노기,액토즈소프트,롤플레잉
25,26,(-1),라테일,블리자드,롤플레잉
26,27,(+1),버블파이터,넥슨 코리아,롤플레잉
27,28,(+4),몬스터헌터 월드,로두마니 스튜디오,캐주얼 게임
28,29,(+1),스타크래프트: 브루드 워,넥슨 코리아,액션
29,30,(-3),마비노기 영웅전,블리자드 엔터테인먼트,RTS
0,1,(+1),리그 오브 레전드,라이엇 게임즈,AOS
1,2,(-1),메이플스토리,NEXON COMPANY,롤플레잉
2,3,(-),로스트아크,스마일게이트 STOVE,MMORPG
3,4,(-),피파온라인4,NEXON COMPANY,스포츠
4,5,(-),카트라이더,NEXON COMPANY,스포츠
5,6,(-),던전앤파이터,넥슨 코리아,액션
6,7,(-),배틀그라운드,"Kakao Games Corp., PUBG",FPS
7,8,(+2),천하제일상 거상,AK INTERACTIVE,롤플레잉
8,9,(-1),오버워치,블리자드,FPS
9,10,(-1),서든어택,넥슨 코리아,FPS
10,11,(-),마인크래프트,모장,어드벤처
11,12,(-),리니지,엔씨소프트,롤플레잉
12,13,(-),테일즈런너,스마일게이트 메가포트,캐주얼 게임
13,14,(-),블레이드앤소울,엔씨소프트,롤플레잉
14,15,(-),사이퍼즈,넥슨 코리아,액션
15,16,(-),검은사막,카카오게임즈,롤플레잉
16,17,(-),아이온: 영원의 탑,엔씨소프트,롤플레잉
17,18,(-),아스텔리아,NEXON Company,MMORPG
18,19,(-),크레이지 아케이드 비엔비,넥슨 코리아,캐주얼 게임
19,20,(-),엘소드,넥슨 코리아,롤플레잉
20,21,(+1),바람의나라,넥슨 코리아,롤플레잉
21,22,(+1),리니지2,엔씨소프트,롤플레잉
22,23,(-2),포트나이트,네오위즈,서바이벌
23,24,(-),디아블로3,블리자드,롤플레잉
24,25,(-),마비노기,넥슨 코리아,롤플레잉
25,26,(+1),버블파이터,로두마니 스튜디오,캐주얼 게임
26,27,(+1),몬스터헌터 월드,"CAPCOM CO., LTD.",액션
27,28,(-2),라테일,액토즈소프트,롤플레잉
0,1,(-),리그 오브 레전드,라이엇 게임즈,AOS
1,2,(+1),로스트아크,스마일게이트 STOVE,MMORPG
2,3,(-1),메이플스토리,NEXON COMPANY,롤플레잉
3,4,(-),피파온라인4,NEXON COMPANY,스포츠
4,5,(-),카트라이더,NEXON COMPANY,스포츠
5,6,(-),던전앤파이터,넥슨 코리아,액션
6,7,(-),배틀그라운드,"Kakao Games Corp., PUBG",FPS
7,8,(-),천하제일상 거상,AK INTERACTIVE,롤플레잉
8,9,(-),오버워치,블리자드,FPS
9,10,(-),서든어택,넥슨 코리아,FPS
10,11,(-),마인크래프트,모장,어드벤처
11,12,(-),리니지,엔씨소프트,롤플레잉
12,13,(-),테일즈런너,스마일게이트 메가포트,캐주얼 게임
13,14,(-),블레이드앤소울,엔씨소프트,롤플레잉
14,15,(-),사이퍼즈,넥슨 코리아,액션
15,16,(-),검은사막,카카오게임즈,롤플레잉
16,17,(-),아이온: 영원의 탑,엔씨소프트,롤플레잉
17,18,(+1),크레이지 아케이드 비엔비,넥슨 코리아,캐주얼 게임
18,19,(+1),엘소드,넥슨 코리아,롤플레잉
19,20,(-2),아스텔리아,NEXON COMPANY,MMORPG
20,21,(new),아키에이지,엑스엘게임즈,롤플레잉
21,22,(-1),바람의나라,넥슨 코리아,롤플레잉
22,23,(+1),디아블로3,블리자드,롤플레잉
23,24,(-1),포트나이트,네오위즈,서바이벌
24,25,(-3),리니지2,엔씨소프트,롤플레잉
25,26,(-1),마비노기,넥슨 코리아,롤플레잉
26,27,(-),몬스터헌터 월드,"CAPCOM CO., LTD.",액션
27,28,(-2),버블파이터,로두마니 스튜디오,캐주얼 게임
0,1,(-),리그 오브 레전드,라이엇 게임즈,AOS
1,2,(-),로스트아크,스마일게이트 STOVE,MMORPG
2,3,(-),메이플스토리,NEXON COMPANY,롤플레잉
3,4,(-),피파온라인4,NEXON COMPANY,스포츠
4,5,(-),카트라이더,NEXON COMPANY,스포츠
5,6,(-),던전앤파이터,넥슨 코리아,액션
6,7,(-),배틀그라운드,"Kakao Games Corp., PUBG",FPS
7,8,(-),천하제일상 거상,AK INTERACTIVE,롤플레잉
8,9,(+1),서든어택,넥슨 코리아,FPS
9,10,(-1),오버워치,블리자드,FPS
10,11,(-),마인크래프트,모장,어드벤처
11,12,(-),리니지,엔씨소프트,롤플레잉
12,13,(+1),블레이드앤소울,엔씨소프트,롤플레잉
13,14,(-1),테일즈런너,스마일게이트 메가포트,캐주얼 게임
14,15,(-),사이퍼즈,넥슨 코리아,액션
15,16,(+1),아이온: 영원의 탑,엔씨소프트,롤플레잉
16,17,(-1),검은사막,카카오게임즈,롤플레잉
17,18,(-),크레이지 아케이드 비엔비,넥슨 코리아,캐주얼 게임
18,19,(+2),아키에이지,엑스엘게임즈,롤플레잉
19,20,(-1),엘소드,넥슨 코리아,롤플레잉
20,21,(+4),리니지2,엔씨소프트,롤플레잉
21,22,(+2),포트나이트,네오위즈,서바이벌
22,23,(-1),바람의나라,넥슨 코리아,롤플레잉
23,24,(-1),디아블로3,블리자드,롤플레잉
24,25,(-5),아스텔리아,NEXON COMPANY,MMORPG
25,26,(-),마비노기,넥슨 코리아,롤플레잉
26,27,(-),몬스터헌터 월드,"CAPCOM CO., LTD.",액션
27,28,(new),스타크래프트: 브루드 워,블리자드 엔터테인먼트,RTS
28,29,(-1),버블파이터,로두마니 스튜디오,캐주얼 게임
29,30,(new),라테일,액토즈소프트,롤플레잉
30,31,(new),월드 오브 워크래프트,블리자드,롤플레잉
31,32,(new),클로저스,넥슨 코리아,액션
0,1,(-),리그 오브 레전드,라이엇 게임즈,AOS
1,2,(-),로스트아크,스마일게이트 STOVE,MMORPG
2,3,(-),메이플스토리,NEXON COMPANY,롤플레잉
3,4,(+1),카트라이더,NEXON COMPANY,자동차 경주
4,5,(-1),피파온라인4,NEXON COMPANY,스포츠
5,6,(-),던전앤파이터,넥슨 코리아,액션
6,7,(new),에이펙스 레전드,일렉트로닉 아츠,배틀로얄
7,8,(-1),배틀그라운드,"Kakao Games Corp., PUBG",FPS
8,9,(+1),오버워치,블리자드,FPS
9,10,(-1),서든어택,넥슨 코리아,FPS
10,11,(-3),천하제일상 거상,AK INTERACTIVE,롤플레잉
11,12,(-1),마인크래프트,모장,어드벤처
12,13,(-1),리니지,엔씨소프트,롤플레잉
13,14,(-),테일즈런너,스마일게이트 메가포트,캐주얼 게임
14,15,(-2),블레이드앤소울,엔씨소프트,롤플레잉
15,16,(-1),사이퍼즈,넥슨 코리아,액션
16,17,(+2),아키에이지,엑스엘게임즈,롤플레잉
17,18,(-),크레이지 아케이드 비엔비,넥슨 코리아,캐주얼 게임
18,19,(-3),아이온: 영원의 탑,엔씨소프트,롤플레잉
19,20,(-3),검은사막,카카오게임즈,롤플레잉
20,21,(new),카운터 스트라이크 온라인,넥슨,FPS
21,22,(-2),엘소드,넥슨 코리아,롤플레잉
22,23,(-2),리니지2,엔씨소프트,롤플레잉
23,24,(-2),포트나이트,네오위즈,서바이벌
24,25,(-2),바람의나라,넥슨 코리아,롤플레잉
25,26,(-),마비노기,넥슨 코리아,롤플레잉
26,27,(-),몬스터헌터 월드,"CAPCOM CO., LTD.",액션
27,28,(-3),아스텔리아,NEXON COMPANY,MMORPG
28,29,(-5),디아블로3,블리자드,롤플레잉
29,30,(-2),스타크래프트: 브루드 워,블리자드 엔터테인먼트,RTS
30,31,(-2),버블파이터,㈜넥슨 코리아,캐주얼 게임
0,1,(-),리그 오브 레전드,라이엇 게임즈,AOS
1,2,(+1),메이플스토리,NEXON COMPANY,롤플레잉
2,3,(-1),로스트아크,스마일게이트 STOVE,롤플레잉
3,4,(-),카트라이더,NEXON COMPANY,자동차 경주
4,5,(-),피파온라인4,NEXON COMPANY,스포츠
5,6,(+1),에이펙스 레전드,리스폰 엔터테인먼트,배틀로얄
6,7,(+1),배틀그라운드,"KAKAO GAMES CORP., PUBG",FPS
7,8,(-2),던전앤파이터,넥슨 코리아,액션
8,9,(-),오버워치,블리자드,FPS
9,10,(-),서든어택,넥슨 코리아,FPS
10,11,(-),천하제일상 거상,AK INTERACTIVE,롤플레잉
11,12,(-),마인크래프트,모장,어드벤처
12,13,(-),리니지,엔씨소프트,롤플레잉
13,14,(-),테일즈런너,스마일게이트 메가포트,캐주얼 게임
14,15,(+2),아키에이지,엑스엘게임즈,롤플레잉
15,16,(-1),블레이드앤소울,엔씨소프트,롤플레잉
16,17,(-1),사이퍼즈,넥슨 코리아,액션
17,18,(-),크레이지 아케이드 비엔비,넥슨 코리아,캐주얼 게임
18,19,(-),아이온: 영원의 탑,엔씨소프트,롤플레잉
19,20,(-),검은사막,카카오게임즈,롤플레잉
20,21,(new),월드 오브 워크래프트,블리자드,롤플레잉
21,22,(+1),리니지2,엔씨소프트,롤플레잉
22,23,(-1),엘소드,넥슨 코리아,롤플레잉
23,24,(-),포트나이트,네오위즈,서바이벌
24,25,(-),바람의나라,넥슨 코리아,롤플레잉
25,26,(-),마비노기,넥슨 코리아,롤플레잉
26,27,(+3),스타크래프트: 브루드 워,블리자드 엔터테인먼트,RTS
27,28,(+1),디아블로3,블리자드,롤플레잉
28,29,(-2),몬스터헌터 월드,"CAPCOM CO., LTD.",액션
29,30,(+1),버블파이터,㈜넥슨 코리아,캐주얼 게임
30,31,(-3),아스텔리아,NEXON COMPANY,MMORPG
0,1,(-),리그 오브 레전드,라이엇 게임즈,AOS
1,2,(-),메이플스토리,NEXON COMPANY,롤플레잉
2,3,(-),로스트아크,스마일게이트 STOVE,롤플레잉
3,4,(-),카트라이더,NEXON COMPANY,자동차 경주
4,5,(-),피파온라인4,NEXON COMPANY,스포츠
5,6,(-),에이펙스 레전드,리스폰 엔터테인먼트,배틀로얄
6,7,(-),배틀그라운드,"KAKAO GAMES CORP., PUBG",FPS
7,8,(-),던전앤파이터,넥슨 코리아,액션
8,9,(-),오버워치,블리자드,FPS
9,10,(-),서든어택,넥슨 코리아,FPS
10,11,(-),천하제일상 거상,AK INTERACTIVE,롤플레잉
11,12,(-),마인크래프트,모장,어드벤처
12,13,(-),리니지,엔씨소프트,롤플레잉
13,14,(-),테일즈런너,스마일게이트 메가포트,캐주얼 게임
14,15,(-),아키에이지,엑스엘게임즈,롤플레잉
15,16,(-),블레이드앤소울,엔씨소프트,롤플레잉
16,17,(+1),크레이지 아케이드 비엔비,넥슨 코리아,캐주얼 게임
17,18,(-1),사이퍼즈,넥슨 코리아,액션
18,19,(-),아이온: 영원의 탑,엔씨소프트,롤플레잉
19,20,(-),검은사막,카카오게임즈,롤플레잉
20,21,(+1),리니지2,엔씨소프트,롤플레잉
21,22,(+1),엘소드,넥슨 코리아,롤플레잉
22,23,(+1),포트나이트,네오위즈,서바이벌
23,24,(+1),바람의나라,넥슨 코리아,롤플레잉
24,25,(+1),마비노기,넥슨 코리아,롤플레잉
25,26,(+1),스타크래프트: 브루드 워,블리자드 엔터테인먼트,RTS
26,27,(+1),디아블로3,블리자드,롤플레잉
27,28,(-7),월드 오브 워크래프트,블리자드,롤플레잉
28,29,(-),몬스터헌터 월드,"CAPCOM CO., LTD.",액션
29,30,(new),소울워커,스마일게이트 메가포트,롤플레잉
30,31,(-1),버블파이터,㈜넥슨 코리아,캐주얼 게임
0,1,(-),리그 오브 레전드,라이엇 게임즈,AOS
1,2,(-),메이플스토리,NEXON COMPANY,롤플레잉
2,3,(-),로스트아크,스마일게이트 STOVE,롤플레잉
3,4,(-),카트라이더,NEXON COMPANY,자동차 경주
4,5,(-),피파온라인4,NEXON COMPANY,스포츠
5,6,(-),에이펙스 레전드,리스폰 엔터테인먼트,배틀로얄
6,7,(-),배틀그라운드,"KAKAO GAMES CORP., PUBG",FPS
7,8,(-),던전앤파이터,넥슨 코리아,액션
8,9,(-),오버워치,블리자드,FPS
9,10,(-),서든어택,넥슨 코리아,FPS
10,11,(-),천하제일상 거상,AK INTERACTIVE,롤플레잉
11,12,(+1),리니지,엔씨소프트,롤플레잉
12,13,(-1),마인크래프트,모장,어드벤쳐
13,14,(+3),크레이지 아케이드 비엔비,넥슨 코리아,캐주얼 게임
14,15,(-),아키에이지,엑스엘게임즈,롤플레잉
15,16,(-),블레이드앤소울,엔씨소프트,롤플레잉
16,17,(+1),사이퍼즈,넥슨 코리아,액션
17,18,(-4),테일즈런너,스마일게이트 메가포트,캐주얼 게임
18,19,(-),아이온: 영원의 탑,엔씨소프트,롤플레잉
19,20,(-),검은사막,카카오게임즈,롤플레잉
20,21,(-),리니지2,엔씨소프트,롤플레잉
21,22,(-),엘소드,넥슨 코리아,롤플레잉
22,23,(+1),바람의나라,넥슨 코리아,롤플레잉
23,24,(-1),포트나이트,네오위즈,서바이벌
24,25,(+1),스타크래프트: 브루드 워,블리자드 엔터테인먼트,RTS
25,26,(-1),마비노기,넥슨 코리아,롤플레잉
26,27,(+1),월드 오브 워크래프트,블리자드,롤플레잉
27,28,(-1),디아블로3,블리자드,롤플레잉
28,29,(+1),소울워커,스마일게이트 메가포트,롤플레잉
29,30,(new),하스스톤,"BLIZZARD ENTERTAINMENT, INC.",카드
30,31,(-2),몬스터헌터 월드,"CAPCOM CO., LTD.",액션
0,1,(-),리그 오브 레전드,라이엇 게임즈,AOS
1,2,(-),메이플스토리,NEXON COMPANY,롤플레잉
2,3,(+2),피파온라인4,NEXON COMPANY,스포츠
3,4,(-),카트라이더,NEXON COMPANY,자동차 경주
4,5,(-2),로스트아크,스마일게이트 STOVE,롤플레잉
5,6,(+1),배틀그라운드,"KAKAO GAMES CORP., PUBG",FPS
6,7,(+1),던전앤파이터,넥슨 코리아,액션
7,8,(-2),에이펙스 레전드,리스폰 엔터테인먼트,배틀로얄
8,9,(-),오버워치,블리자드,FPS
9,10,(-),서든어택,넥슨 코리아,FPS
10,11,(-),천하제일상 거상,AK INTERACTIVE,롤플레잉
11,12,(-),리니지,엔씨소프트,롤플레잉
12,13,(+1),크레이지 아케이드 비엔비,넥슨 코리아,캐주얼 게임
13,14,(-1),마인크래프트,모장,어드벤쳐
14,15,(+2),사이퍼즈,넥슨 코리아,액션
15,16,(-1),아키에이지,엑스엘게임즈,롤플레잉
16,17,(+1),테일즈런너,스마일게이트 메가포트,캐주얼 게임
17,18,(-2),블레이드앤소울,엔씨소프트,롤플레잉
18,19,(-),아이온: 영원의 탑,엔씨소프트,롤플레잉
19,20,(-),검은사막,카카오게임즈,롤플레잉
20,21,(-),리니지2,엔씨소프트,롤플레잉
21,22,(new),도타2,밸브,AOS
22,23,(-1),엘소드,넥슨 코리아,롤플레잉
23,24,(-1),바람의나라,넥슨 코리아,롤플레잉
24,25,(-),스타크래프트: 브루드 워,블리자드 엔터테인먼트,RTS
25,26,(-2),포트나이트,네오위즈,서바이벌
26,27,(-1),마비노기,넥슨 코리아,롤플레잉
27,28,(new),테라,넥슨 코리아,롤플레잉
28,29,(-2),월드 오브 워크래프트,블리자드,롤플레잉
29,30,(-1),소울워커,스마일게이트 메가포트,롤플레잉
30,31,(-3),디아블로3,블리자드,롤플레잉
0,1,(-),리그 오브 레전드,라이엇 게임즈,AOS
1,2,(+1),피파온라인4,NEXON COMPANY,스포츠
2,3,(+1),카트라이더,NEXON COMPANY,자동차 경주
3,4,(-2),메이플스토리,NEXON COMPANY,롤플레잉
4,5,(-),로스트아크,스마일게이트 STOVE,롤플레잉
5,6,(-),배틀그라운드,"KAKAO GAMES CORP., PUBG",FPS
6,7,(-),던전앤파이터,넥슨 코리아,액션
7,8,(+4),리니지,엔씨소프트,롤플레잉
8,9,(-),오버워치,블리자드,FPS
9,10,(-),서든어택,넥슨 코리아,FPS
10,11,(-),천하제일상 거상,AK INTERACTIVE,롤플레잉
11,12,(-4),에이펙스 레전드,리스폰 엔터테인먼트,배틀로얄
12,13,(-),크레이지 아케이드 비엔비,넥슨 코리아,캐주얼 게임
13,14,(+1),사이퍼즈,넥슨 코리아,액션
14,15,(+1),아키에이지,엑스엘게임즈,롤플레잉
15,16,(-2),마인크래프트,모장,어드벤쳐
16,17,(+1),블레이드앤소울,엔씨소프트,롤플레잉
17,18,(-1),테일즈런너,스마일게이트 메가포트,캐주얼 게임
18,19,(-),아이온: 영원의 탑,엔씨소프트,롤플레잉
19,20,(-),검은사막,카카오게임즈,롤플레잉
20,21,(-),리니지2,엔씨소프트,롤플레잉
21,22,(+6),테라,넥슨 코리아,롤플레잉
22,23,(-1),도타2,밸브,AOS
23,24,(-),바람의나라,넥슨 코리아,롤플레잉
24,25,(-2),엘소드,넥슨 코리아,롤플레잉
25,26,(-1),스타크래프트: 브루드 워,블리자드 엔터테인먼트,RTS
26,27,(-),마비노기,넥슨 코리아,롤플레잉
27,28,(+1),월드 오브 워크래프트,블리자드,롤플레잉
28,29,(new),하스스톤,"BLIZZARD ENTERTAINMENT, INC.",카드
29,30,(+1),디아블로3,블리자드,롤플레잉
30,31,(-5),포트나이트,네오위즈,서바이벌
0,1,(-),리그 오브 레전드,라이엇 게임즈,AOS
1,2,(-),피파온라인4,NEXON COMPANY,스포츠
2,3,(-),카트라이더,NEXON COMPANY,자동차 경주
3,4,(-),메이플스토리,NEXON COMPANY,롤플레잉
4,5,(-),로스트아크,스마일게이트 STOVE,롤플레잉
5,6,(-),배틀그라운드,"KAKAO GAMES CORP., PUBG",FPS
6,7,(+1),리니지,엔씨소프트,롤플레잉
7,8,(-1),던전앤파이터,넥슨 코리아,액션
8,9,(+2),천하제일상 거상,AK INTERACTIVE,롤플레잉
9,10,(-1),오버워치,블리자드,FPS
10,11,(-1),서든어택,넥슨 코리아,FPS
11,12,(+1),크레이지 아케이드 비엔비,넥슨 코리아,캐주얼 게임
12,13,(-1),에이펙스 레전드,리스폰 엔터테인먼트,배틀로얄
13,14,(+3),블레이드앤소울,엔씨소프트,롤플레잉
14,15,(-),아키에이지,엑스엘게임즈,롤플레잉
15,16,(-2),사이퍼즈,넥슨 코리아,액션
16,17,(-1),마인크래프트,모장,어드벤쳐
17,18,(+1),아이온: 영원의 탑,엔씨소프트,롤플레잉
18,19,(-1),테일즈런너,스마일게이트 메가포트,캐주얼 게임
19,20,(-),검은사막,카카오게임즈,롤플레잉
20,21,(-),리니지2,엔씨소프트,롤플레잉
21,22,(-),테라,넥슨 코리아,롤플레잉
22,23,(+8),포트나이트,네오위즈,서바이벌
23,24,(-),바람의나라,넥슨 코리아,롤플레잉
24,25,(+4),하스스톤,"BLIZZARD ENTERTAINMENT, INC.",카드
25,26,(-1),엘소드,넥슨 코리아,롤플레잉
26,27,(-),마비노기,넥슨 코리아,롤플레잉
27,28,(-2),스타크래프트: 브루드 워,블리자드 엔터테인먼트,RTS
28,29,(-1),월드 오브 워크래프트,블리자드,롤플레잉
29,30,(-7),도타2,밸브,AOS
30,31,(-1),디아블로3,블리자드,롤플레잉
0,1,(-),리그 오브 레전드,라이엇 게임즈,AOS
1,2,(+1),카트라이더,NEXON COMPANY,자동차 경주
2,3,(+1),메이플스토리,NEXON COMPANY,롤플레잉
3,4,(-2),피파온라인4,NEXON COMPANY,스포츠
4,5,(-),로스트아크,스마일게이트 STOVE,롤플레잉
5,6,(+1),리니지,엔씨소프트,롤플레잉
6,7,(-1),배틀그라운드,"KAKAO GAMES CORP., PUBG",FPS
7,8,(-),던전앤파이터,넥슨 코리아,액션
8,9,(-),천하제일상 거상,AK INTERACTIVE,롤플레잉
9,10,(-),오버워치,블리자드,FPS
10,11,(-),서든어택,넥슨 코리아,FPS
11,12,(-),크레이지 아케이드 비엔비,넥슨 코리아,캐주얼 게임
12,13,(+2),아키에이지,엑스엘게임즈,롤플레잉
13,14,(-),블레이드앤소울,엔씨소프트,롤플레잉
14,15,(-2),에이펙스 레전드,리스폰 엔터테인먼트,배틀로얄
15,16,(-),사이퍼즈,넥슨 코리아,액션
16,17,(-),마인크래프트,모장,어드벤쳐
17,18,(-),아이온: 영원의 탑,엔씨소프트,롤플레잉
18,19,(+1),검은사막,카카오게임즈,롤플레잉
19,20,(-1),테일즈런너,스마일게이트 메가포트,캐주얼 게임
20,21,(-),리니지2,엔씨소프트,롤플레잉
21,22,(-),테라,넥슨 코리아,롤플레잉
22,23,(+2),하스스톤,"BLIZZARD ENTERTAINMENT, INC.",카드
23,24,(-1),포트나이트,네오위즈,서바이벌
24,25,(-1),바람의나라,넥슨 코리아,롤플레잉
25,26,(-),엘소드,넥슨 코리아,롤플레잉
26,27,(-),마비노기,넥슨 코리아,롤플레잉
27,28,(-),스타크래프트: 브루드 워,블리자드 엔터테인먼트,RTS
28,29,(-),월드 오브 워크래프트,블리자드,롤플레잉
29,30,(+1),디아블로3,블리자드,롤플레잉
30,31,(-1),도타2,밸브,AOS
0,1,(-),리그 오브 레전드,라이엇 게임즈,AOS
1,2,(+1),메이플스토리,NEXON COMPANY,롤플레잉
2,3,(-1),카트라이더,NEXON COMPANY,자동차 경주
3,4,(-),피파온라인4,NEXON COMPANY,스포츠
4,5,(-),로스트아크,스마일게이트 STOVE,롤플레잉
5,6,(-),리니지,엔씨소프트,롤플레잉
6,7,(+1),던전앤파이터,넥슨 코리아,액션
7,8,(-1),배틀그라운드,"KAKAO GAMES CORP., PUBG",FPS
8,9,(-),천하제일상 거상,AK INTERACTIVE,롤플레잉
9,10,(-),오버워치,블리자드,FPS
10,11,(-),서든어택,넥슨 코리아,FPS
11,12,(+1),아키에이지,엑스엘게임즈,롤플레잉
12,13,(-1),크레이지 아케이드 비엔비,넥슨 코리아,캐주얼 게임
13,14,(-),블레이드앤소울,엔씨소프트,롤플레잉
14,15,(+1),사이퍼즈,넥슨 코리아,액션
15,16,(+1),마인크래프트,모장,어드벤처
16,17,(+1),아이온: 영원의 탑,엔씨소프트,롤플레잉
17,18,(-3),에이펙스 레전드,리스폰 엔터테인먼트,배틀로얄
18,19,(-),검은사막,카카오게임즈,롤플레잉
19,20,(-),테일즈런너,스마일게이트 메가포트,캐주얼 게임
20,21,(-),리니지2,엔씨소프트,롤플레잉
21,22,(+2),포트나이트,네오위즈,서바이벌
22,23,(-),하스스톤,"BLIZZARD ENTERTAINMENT, INC.",카드
23,24,(+7),도타2,밸브,AOS
24,25,(-3),테라,넥슨 코리아,롤플레잉
25,26,(-1),바람의나라,넥슨 코리아,롤플레잉
26,27,(-),마비노기,넥슨 코리아,롤플레잉
27,28,(-2),엘소드,넥슨 코리아,롤플레잉
28,29,(+1),디아블로3,블리자드,롤플레잉
29,30,(-2),스타크래프트: 브루드 워,블리자드 엔터테인먼트,RTS
30,31,(-2),월드 오브 워크래프트,블리자드,롤플레잉
31,32,(-),소울워커,㈜스마일게이트메가포트,액션
32,33,(+3),마구마구,넷마블㈜,스포츠
33,34,(-),몬스터헌터 월드,캡콤,액션
34,35,(+2),라테일,㈜액토즈소프트,롤플레잉
35,36,(-3),스페셜포스,㈜드래곤플라이,FPS
36,37,(-2),클로저스,㈜넥슨코리아,롤플레잉
37,38,(-),마비노기 영웅전,㈜넥슨코리아,롤플레잉
38,39,(-),버블파이터,㈜넥슨코리아,캐주얼 게임
39,40,(-),테일즈위버,㈜넥슨코리아,롤플레잉
0,1,(-),리그 오브 레전드,라이엇 게임즈,AOS
1,2,(-),메이플스토리,NEXON COMPANY,롤플레잉
2,3,(+2),로스트아크,스마일게이트 STOVE,롤플레잉
3,4,(-1),카트라이더,NEXON COMPANY,자동차 경주
4,5,(-1),피파온라인4,NEXON COMPANY,스포츠
5,6,(+1),던전앤파이터,넥슨 코리아,액션
6,7,(-1),리니지,엔씨소프트,롤플레잉
7,8,(-),배틀그라운드,"KAKAO GAMES CORP., PUBG",FPS
8,9,(-),천하제일상 거상,AK INTERACTIVE,롤플레잉
9,10,(-),오버워치,블리자드,FPS
10,11,(-),서든어택,넥슨 코리아,FPS
11,12,(-),아키에이지,엑스엘게임즈,롤플레잉
12,13,(+1),블레이드앤소울,엔씨소프트,롤플레잉
13,14,(+1),사이퍼즈,넥슨 코리아,액션
14,15,(+1),마인크래프트,모장,어드벤처
15,16,(+1),아이온: 영원의 탑,엔씨소프트,롤플레잉
16,17,(-4),크레이지 아케이드 비엔비,넥슨 코리아,캐주얼 게임
17,18,(+2),테일즈런너,스마일게이트 메가포트,캐주얼 게임
18,19,(-),검은사막,카카오게임즈,롤플레잉
19,20,(+4),도타2,밸브,AOS
20,21,(-3),에이펙스 레전드,리스폰 엔터테인먼트,배틀로얄
21,22,(-1),리니지2,엔씨소프트,롤플레잉
22,23,(-1),포트나이트,네오위즈,서바이벌
23,24,(-1),하스스톤,"BLIZZARD ENTERTAINMENT, INC.",카드
24,25,(-),테라,넥슨 코리아,롤플레잉
25,26,(-),바람의나라,넥슨 코리아,롤플레잉
26,27,(+1),엘소드,넥슨 코리아,롤플레잉
27,28,(-1),마비노기,넥슨 코리아,롤플레잉
28,29,(-),디아블로3,블리자드,롤플레잉
29,30,(-),스타크래프트: 브루드 워,블리자드 엔터테인먼트,RTS
30,31,(-),월드 오브 워크래프트,블리자드,롤플레잉
0,1,(-),리그 오브 레전드,라이엇 게임즈,MOBA
1,2,(-),메이플스토리,㈜넥슨코리아,MMORPG
2,3,(+2),피파온라인4,㈜넥슨코리아,스포츠
3,4,(-1),로스트아크,㈜스마일게이트알피지,핵앤슬래시 MMORPG
4,5,(-1),카트라이더,㈜넥슨코리아,레이싱
5,6,(-),던전앤파이터,㈜넥슨코리아,벨트 스크롤 액션 RPG
6,7,(-),리니지,㈜엔씨소프트,MMORPG
7,8,(-),배틀그라운드,펍지주식회사,서바이벌 슈팅
8,9,(-),천하제일상 거상,㈜에이케이인터렉티브,MMORPG
9,10,(-),오버워치,블리자드 엔터테인먼트,팀 기반 슈팅
10,11,(-),서든어택,㈜넥슨코리아,FPS
11,12,(-),아키에이지,㈜엑스엘게임즈,판타지 RPG
12,13,(-),블레이드앤소울,㈜엔씨소프트,MMORPG
13,14,(+5),검은사막,카카오게임즈,MMORPG
14,15,(-1),사이퍼즈,㈜넥슨코리아,액션
15,16,(-1),마인크래프트,엑스박스 게임 스튜디오,샌드박스
16,17,(-1),아이온: 영원의 탑,㈜엔씨소프트,MMORPG
17,18,(+2),도타2,밸브 코퍼레이션,MOBA
18,19,(-2),크레이지 아케이드 비엔비,㈜넥슨코리아,아케이드
19,20,(-2),테일즈런너,㈜스마일게이트메가포트,레이싱
20,21,(+2),포트나이트,에픽게임즈,빌딩 서바이벌 배틀로얄
21,22,(-),리니지2,㈜엔씨소프트,MMORPG
22,23,(+2),테라,㈜넥슨코리아,MMORPG
23,24,(-),하스스톤,블리자드 엔터테인먼트,CCG
24,25,(+1),바람의나라,㈜넥슨코리아,MMORPG
25,26,(+1),엘소드,㈜넥슨코리아,횡스크롤 액션 RPG
26,27,(+1),마비노기,㈜넥슨코리아,MMORPG
27,28,(-7),에이펙스 레전드,일렉트로닉 아츠,배틀로얄
28,29,(+1),스타크래프트: 브루드 워,블리자드 엔터테인먼트,RTS
29,30,(-1),디아블로3,블리자드,롤플레잉
30,31,(+1),파이널 판타지 14,(주)액토즈소프트,MMORPG
0,1,(-),리그 오브 레전드,라이엇 게임즈,MOBA
1,2,(+1),피파온라인4,㈜넥슨코리아,스포츠
2,3,(-1),메이플스토리,㈜넥슨코리아,MMORPG
3,4,(-),로스트아크,㈜스마일게이트알피지,핵앤슬래시 MMORPG
4,5,(-),카트라이더,㈜넥슨코리아,레이싱
5,6,(-),던전앤파이터,㈜넥슨코리아,벨트 스크롤 액션 RPG
6,7,(-),리니지,㈜엔씨소프트,MMORPG
7,8,(-),배틀그라운드,펍지주식회사,서바이벌 슈팅
8,9,(-),천하제일상 거상,㈜에이케이인터렉티브,MMORPG
9,10,(-),오버워치,블리자드 엔터테인먼트,팀 기반 슈팅
10,11,(-),서든어택,㈜넥슨코리아,FPS
11,12,(-),아키에이지,㈜엑스엘게임즈,판타지 RPG
12,13,(-),블레이드앤소울,㈜엔씨소프트,MMORPG
13,14,(+1),사이퍼즈,㈜넥슨코리아,액션
14,15,(-1),검은사막,카카오게임즈,MMORPG
15,16,(-),마인크래프트,엑스박스 게임 스튜디오,샌드박스
16,17,(-),아이온: 영원의 탑,㈜엔씨소프트,MMORPG
17,18,(+2),테일즈런너,㈜스마일게이트메가포트,레이싱
18,19,(-1),도타2,밸브 코퍼레이션,MOBA
19,20,(-1),크레이지 아케이드 비엔비,㈜넥슨코리아,아케이드
20,21,(+1),리니지2,㈜엔씨소프트,MMORPG
21,22,(+1),테라,㈜넥슨코리아,MMORPG
22,23,(+3),엘소드,㈜넥슨코리아,횡스크롤 액션 RPG
23,24,(-3),포트나이트,에픽게임즈,빌딩 서바이벌 배틀로얄
24,25,(-),바람의나라,㈜넥슨코리아,MMORPG
25,26,(+1),마비노기,㈜넥슨코리아,MMORPG
26,27,(+2),스타크래프트: 브루드 워,블리자드 엔터테인먼트,RTS
27,28,(-4),하스스톤,블리자드 엔터테인먼트,CCG
28,29,(+1),디아블로3,블리자드,롤플레잉
29,30,(+2),몬스터헌터 월드,캡콤,액션 RPG
30,31,(-3),에이펙스 레전드,일렉트로닉 아츠,배틀로얄
0,1,(-),리그 오브 레전드,라이엇 게임즈,MOBA
1,2,(-),피파온라인4,㈜넥슨코리아,스포츠
2,3,(-),메이플스토리,㈜넥슨코리아,MMORPG
3,4,(-),로스트아크,㈜스마일게이트알피지,핵앤슬래시 MMORPG
4,5,(-),카트라이더,㈜넥슨코리아,레이싱
5,6,(+1),리니지,㈜엔씨소프트,MMORPG
6,7,(-1),던전앤파이터,㈜넥슨코리아,벨트 스크롤 액션 RPG
7,8,(-),배틀그라운드,펍지주식회사,서바이벌 슈팅
8,9,(-),천하제일상 거상,㈜에이케이인터렉티브,MMORPG
9,10,(-),오버워치,블리자드 엔터테인먼트,팀 기반 슈팅
10,11,(-),서든어택,㈜넥슨코리아,FPS
11,12,(+3),검은사막,카카오게임즈,MMORPG
12,13,(-1),아키에이지,㈜엑스엘게임즈,판타지 RPG
13,14,(-1),블레이드앤소울,㈜엔씨소프트,MMORPG
14,15,(+1),마인크래프트,엑스박스 게임 스튜디오,샌드박스
15,16,(-2),사이퍼즈,㈜넥슨코리아,액션
16,17,(-),아이온: 영원의 탑,㈜엔씨소프트,MMORPG
17,18,(-),테일즈런너,㈜스마일게이트메가포트,레이싱
18,19,(+1),크레이지 아케이드 비엔비,㈜넥슨코리아,아케이드
19,20,(+1),리니지2,㈜엔씨소프트,MMORPG
20,21,(-2),도타2,밸브 코퍼레이션,MOBA
21,22,(+1),엘소드,㈜넥슨코리아,횡스크롤 액션 RPG
22,23,(-1),테라,㈜넥슨코리아,MMORPG
23,24,(+1),바람의나라,㈜넥슨코리아,MMORPG
24,25,(+1),마비노기,㈜넥슨코리아,MMORPG
25,26,(+1),스타크래프트: 브루드 워,블리자드 엔터테인먼트,RTS
26,27,(+3),몬스터헌터 월드,캡콤,액션 RPG
27,28,(-4),포트나이트,에픽게임즈,빌딩 서바이벌 배틀로얄
28,29,(-),디아블로3,블리자드,롤플레잉
29,30,(+4),월드 오브 워크래프트,블리자드,롤플레잉
30,31,(-3),하스스톤,블리자드 엔터테인먼트,CCG
0,1,(-),리그 오브 레전드,라이엇 게임즈,MOBA
1,2,(-),피파온라인4,㈜넥슨코리아,스포츠
2,3,(-),메이플스토리,㈜넥슨코리아,MMORPG
3,4,(+1),카트라이더,㈜넥슨코리아,레이싱
4,5,(-1),로스트아크,㈜스마일게이트알피지,핵앤슬래시 MMORPG
5,6,(+1),던전앤파이터,㈜넥슨코리아,벨트 스크롤 액션 RPG
6,7,(+1),배틀그라운드,펍지주식회사,서바이벌 슈팅
7,8,(-2),리니지,㈜엔씨소프트,MMORPG
8,9,(+1),오버워치,블리자드 엔터테인먼트,팀 기반 슈팅
9,10,(-1),천하제일상 거상,(주)에이케이인터렉티브,MMORPG
10,11,(-),서든어택,㈜넥슨코리아,FPS
11,12,(-),검은사막,카카오게임즈,MMORPG
12,13,(-),아키에이지,㈜엑스엘게임즈,판타지 RPG
13,14,(+1),마인크래프트,엑스박스 게임 스튜디오,샌드박스
14,15,(-1),블레이드앤소울,㈜엔씨소프트,MMORPG
15,16,(-),사이퍼즈,㈜넥슨코리아,액션
16,17,(+1),테일즈런너,㈜스마일게이트메가포트,레이싱
17,18,(-1),아이온: 영원의 탑,㈜엔씨소프트,MMORPG
18,19,(-),크레이지 아케이드 비엔비,㈜넥슨코리아,아케이드
19,20,(+1),도타2 (오토체스),밸브 코퍼레이션,MOBA
20,21,(+2),테라,㈜넥슨코리아,MMORPG
21,22,(-2),리니지2,㈜엔씨소프트,MMORPG
22,23,(+1),바람의나라,㈜넥슨코리아,MMORPG
23,24,(-2),엘소드,㈜넥슨코리아,횡스크롤 액션 MMORPG
24,25,(+1),스타크래프트: 브루드 워,블리자드 엔터테인먼트,RTS
25,26,(-1),마비노기,㈜넥슨코리아,MMORPG
26,27,(+1),포트나이트,에픽게임즈,빌딩 서바이벌 배틀로얄
27,28,(+1),디아블로3,블리자드,롤플레잉
28,29,(+1),월드 오브 워크래프트,블리자드,롤플레잉
29,30,(-3),몬스터헌터 월드,캡콤,액션 RPG
30,31,(+5),스페셜포스,㈜드래곤플라이,FPS
0,1,(-),리그 오브 레전드,라이엇 게임즈,MOBA
1,2,(-),피파온라인4,㈜넥슨코리아,스포츠
2,3,(-),메이플스토리,㈜넥슨코리아,MMORPG
3,4,(NEW),패스 오브 엑자일,(주)카카오게임즈,ARPG
4,5,(-1),카트라이더,㈜넥슨코리아,레이싱
5,6,(-1),로스트아크,㈜스마일게이트알피지,핵앤슬래시 MMORPG
6,7,(-1),던전앤파이터,㈜넥슨코리아,벨트 스크롤 액션 RPG
7,8,(+1),오버워치,블리자드 엔터테인먼트,팀 기반 슈팅
8,9,(-2),배틀그라운드,펍지주식회사,서바이벌 슈팅
9,10,(-),천하제일상 거상,(주)에이케이인터렉티브,MMORPG
10,11,(+1),검은사막,펄어비스,MMORPG
11,12,(-1),서든어택,㈜넥슨코리아,FPS
12,13,(-5),리니지,㈜엔씨소프트,MMORPG
13,14,(-),마인크래프트,엑스박스 게임 스튜디오,샌드박스
14,15,(-2),아키에이지,㈜엑스엘게임즈,판타지 RPG
15,16,(-),사이퍼즈,㈜넥슨코리아,액션
16,17,(-2),블레이드앤소울,㈜엔씨소프트,MMORPG
17,18,(-),아이온: 영원의 탑,㈜엔씨소프트,MMORPG
18,19,(-2),테일즈런너,㈜스마일게이트메가포트,레이싱
19,20,(+8),디아블로3,블리자드,롤플레잉
20,21,(-),테라,㈜넥슨코리아,MMORPG
21,22,(-),리니지2,㈜엔씨소프트,MMORPG
22,23,(-),바람의나라,㈜넥슨코리아,MMORPG
23,24,(+2),마비노기,㈜넥슨코리아,MMORPG
24,25,(+5),몬스터헌터 월드,캡콤,액션 RPG
25,26,(-2),엘소드,㈜넥슨코리아,횡스크롤 액션 MMORPG
26,27,(-7),도타2 (오토체스),밸브 코퍼레이션,MOBA
27,28,(-1),월드 오브 워크래프트,블리자드,롤플레잉
28,29,(-2),포트나이트,에픽게임즈,빌딩 서바이벌 배틀로얄
29,30,(NEW),하스스톤,블리자드 엔터테인먼트,CCG
30,31,(NEW),파이널 판타지 14,(주)액토즈소프트,MMORPG
0,1,(-),리그 오브 레전드,라이엇 게임즈,MOBA
1,2,(+2),패스 오브 엑자일,(주)카카오게임즈,ARPG
2,3,(-1),피파온라인4,㈜넥슨코리아,스포츠
3,4,(-1),메이플스토리,㈜넥슨코리아,MMORPG
4,5,(-),카트라이더,㈜넥슨코리아,레이싱
5,6,(-),로스트아크,㈜스마일게이트알피지,핵앤슬래시 MMORPG
6,7,(+4),검은사막,펄어비스,MMORPG
7,8,(-1),던전앤파이터,㈜넥슨코리아,벨트 스크롤 액션 RPG
8,9,(-),배틀그라운드,펍지주식회사,서바이벌 슈팅
9,10,(-2),오버워치,블리자드 엔터테인먼트,팀 기반 슈팅
10,11,(NEW),토탈 워: 삼국,세가㈜,전략 시뮬레이션
11,12,(-),서든어택,㈜넥슨코리아,FPS
12,13,(-3),천하제일상 거상,(주)에이케이인터렉티브,MMORPG
13,14,(-1),리니지,㈜엔씨소프트,MMORPG
14,15,(-1),마인크래프트,엑스박스 게임 스튜디오,샌드박스
15,16,(-1),아키에이지,㈜엑스엘게임즈,판타지 RPG
16,17,(-),블레이드앤소울,㈜엔씨소프트,MMORPG
17,18,(-2),사이퍼즈,㈜넥슨코리아,액션
18,19,(-),테일즈런너,㈜스마일게이트메가포트,레이싱
19,20,(-2),아이온: 영원의 탑,㈜엔씨소프트,MMORPG
20,21,(-1),디아블로3,블리자드,롤플레잉
21,22,(NEW),크레이지 아케이드 비엔비,(주)넥슨코리아,아케이드
22,23,(-2),테라,㈜넥슨코리아,MMORPG
23,24,(-2),리니지2,㈜엔씨소프트,MMORPG
24,25,(-1),마비노기,㈜넥슨코리아,MMORPG
25,26,(-3),바람의나라,㈜넥슨코리아,MMORPG
26,27,(-1),엘소드,㈜넥슨코리아,횡스크롤 액션 MMORPG
27,28,(-1),도타2 (오토체스),밸브 코퍼레이션,MOBA
28,29,(-1),월드 오브 워크래프트,블리자드,롤플레잉
29,30,(-5),몬스터헌터 월드,캡콤,액션 RPG
30,31,(-1),하스스톤,블리자드 엔터테인먼트,CCG
0,1,(-),리그 오브 레전드,라이엇 게임즈,MOBA
1,2,(-),패스 오브 엑자일,(주)카카오게임즈,ARPG
2,3,(-),피파온라인4,㈜넥슨코리아,스포츠
3,4,(-),메이플스토리,㈜넥슨코리아,MMORPG
4,5,(-),카트라이더,㈜넥슨코리아,레이싱
5,6,(-),로스트아크,㈜스마일게이트알피지,핵앤슬래시 MMORPG
6,7,(-),검은사막,(주)펄어비스,MMORPG
7,8,(-),던전앤파이터,㈜넥슨코리아,벨트 스크롤 액션 RPG
8,9,(-),배틀그라운드,펍지주식회사,서바이벌 슈팅
9,10,(-),오버워치,블리자드 엔터테인먼트,팀 기반 슈팅
10,11,(+1),서든어택,㈜넥슨코리아,FPS
11,12,(+1),천하제일상 거상,(주)에이케이인터렉티브,MMORPG
12,13,(-2),토탈 워: 삼국,세가㈜,전략 시뮬레이션
13,14,(+1),마인크래프트,엑스박스 게임 스튜디오,샌드박스
14,15,(-1),리니지,㈜엔씨소프트,MMORPG
15,16,(+1),블레이드앤소울,㈜엔씨소프트,MMORPG
16,17,(-1),아키에이지,㈜엑스엘게임즈,판타지 RPG
17,18,(-),사이퍼즈,㈜넥슨코리아,액션
18,19,(-),테일즈런너,㈜스마일게이트메가포트,레이싱
19,20,(-),아이온: 영원의 탑,㈜엔씨소프트,MMORPG
20,21,(+6),엘소드,㈜넥슨코리아,횡스크롤 액션 MMORPG
21,22,(-1),디아블로3,블리자드,롤플레잉
22,23,(-),테라,㈜넥슨코리아,MMORPG
23,24,(-2),크레이지 아케이드 비엔비,(주)넥슨코리아,아케이드
24,25,(-1),리니지2,㈜엔씨소프트,MMORPG
25,26,(-1),마비노기,㈜넥슨코리아,MMORPG
26,27,(-1),바람의나라,㈜넥슨코리아,MMORPG
27,28,(-),도타2 (오토체스),밸브 코퍼레이션,MOBA
28,29,(-),월드 오브 워크래프트,블리자드,롤플레잉
29,30,(+2),스페셜포스,㈜드래곤플라이,FPS
30,31,(-1),몬스터헌터 월드,캡콤,액션 RPG
0,1,(-),리그 오브 레전드,라이엇 게임즈,MOBA
1,2,(-),패스 오브 엑자일,(주)카카오게임즈,ARPG
2,3,(+1),메이플스토리,㈜넥슨코리아,MMORPG
3,4,(-1),피파온라인4,㈜넥슨코리아,스포츠
4,5,(-),카트라이더,㈜넥슨코리아,레이싱
5,6,(-),로스트아크,㈜스마일게이트알피지,핵앤슬래시 MMORPG
6,7,(-),검은사막,(주)펄어비스,MMORPG
7,8,(-),던전앤파이터,㈜넥슨코리아,벨트 스크롤 액션 RPG
8,9,(-),배틀그라운드,펍지주식회사,서바이벌 슈팅
9,10,(-),오버워치,블리자드 엔터테인먼트,팀 기반 슈팅
10,11,(+1),천하제일상 거상,(주)에이케이인터렉티브,MMORPG
11,12,(+2),마인크래프트,엑스박스 게임 스튜디오,샌드박스
12,13,(-2),서든어택,㈜넥슨코리아,FPS
13,14,(+1),리니지,㈜엔씨소프트,MMORPG
14,15,(+1),블레이드앤소울,㈜엔씨소프트,MMORPG
15,16,(-3),토탈 워: 삼국,세가㈜,전략 시뮬레이션
16,17,(-),아키에이지,㈜엑스엘게임즈,판타지 RPG
17,18,(-),사이퍼즈,㈜넥슨코리아,액션
18,19,(-),테일즈런너,㈜스마일게이트메가포트,레이싱
19,20,(-),아이온: 영원의 탑,㈜엔씨소프트,MMORPG
20,21,(-),엘소드,㈜넥슨코리아,횡스크롤 액션 MMORPG
21,22,(+1),테라,㈜넥슨코리아,MMORPG
22,23,(+1),크레이지 아케이드 비엔비,(주)넥슨코리아,아케이드
23,24,(+1),리니지2,㈜엔씨소프트,MMORPG
24,25,(+3),도타2 (오토체스),밸브 코퍼레이션,MOBA
25,26,(-),마비노기,㈜넥슨코리아,MMORPG
26,27,(-5),디아블로3,블리자드,롤플레잉
27,28,(-1),바람의나라,㈜넥슨코리아,MMORPG
28,29,(+1),스페셜포스,㈜드래곤플라이,FPS
29,30,(-1),월드 오브 워크래프트,블리자드,롤플레잉
30,31,(NEW),오디션,(주)한빛소프트,리듬
0,1,(-),리그 오브 레전드,라이엇 게임즈,MOBA
1,2,(-),패스 오브 엑자일,㈜카카오게임즈,ARPG
2,3,(-),메이플스토리,㈜넥슨코리아,MMORPG
3,4,(-),피파온라인4,㈜넥슨코리아,스포츠
4,5,(-),카트라이더,㈜넥슨코리아,레이싱
5,6,(-),로스트아크,㈜스마일게이트알피지,핵앤슬래시 MMORPG
6,7,(+1),던전앤파이터,㈜넥슨코리아,벨트 스크롤 액션 RPG
7,8,(-1),검은사막,㈜펄어비스,MMORPG
8,9,(-),배틀그라운드,펍지주식회사,서바이벌 슈팅
9,10,(-),오버워치,블리자드 엔터테인먼트,팀 기반 슈팅
10,11,(-),천하제일상 거상,㈜에이케이인터렉티브,MMORPG
11,12,(+2),리니지,㈜엔씨소프트,MMORPG
12,13,(-1),마인크래프트,엑스박스 게임 스튜디오,샌드박스
13,14,(+1),블레이드앤소울,㈜엔씨소프트,MMORPG
14,15,(-2),서든어택,㈜넥슨코리아,FPS
15,16,(+1),아키에이지,㈜엑스엘게임즈,판타지 RPG
16,17,(+1),사이퍼즈,㈜넥슨코리아,액션
17,18,(-),테일즈런너,㈜스마일게이트메가포트,레이싱
18,19,(+1),아이온: 영원의 탑,㈜엔씨소프트,MMORPG
19,20,(+1),엘소드,㈜넥슨코리아,횡스크롤 액션 MMORPG
20,21,(+4),도타2 (오토체스),밸브 코퍼레이션,MOBA
21,22,(-),테라,㈜넥슨코리아,MMORPG
22,23,(-),크레이지 아케이드 비엔비,㈜넥슨코리아,아케이드
23,24,(+2),마비노기,㈜넥슨코리아,MMORPG
24,25,(-1),리니지2,㈜엔씨소프트,MMORPG
25,26,(+2),바람의나라,㈜넥슨코리아,MMORPG
26,27,(NEW),스타크래프트: 리마스터,블리자드 엔터테인먼트 코리아,RTS
27,28,(-1),디아블로3,블리자드,롤플레잉
28,29,(NEW),몬스터헌터 월드,캡콤,액션 RPG
29,30,(NEW),파이널 판타지 14,㈜액토즈소프트,MMORPG
30,31,(-2),스페셜포스,㈜드래곤플라이,FPS
0,1,(-),리그 오브 레전드,라이엇 게임즈,MOBA
1,2,(-),패스 오브 엑자일,㈜카카오게임즈,ARPG
2,3,(-),메이플스토리,㈜넥슨코리아,MMORPG
3,4,(-),피파온라인4,㈜넥슨코리아,스포츠
4,5,(+2),던전앤파이터,㈜넥슨코리아,벨트 스크롤 액션 RPG
5,6,(-),로스트아크,㈜스마일게이트알피지,핵앤슬래시 MMORPG
6,7,(-2),카트라이더,㈜넥슨코리아,레이싱
7,8,(-),검은사막,㈜펄어비스,MMORPG
8,9,(-),배틀그라운드,펍지주식회사,서바이벌 슈팅
9,10,(-),오버워치,블리자드 엔터테인먼트,팀 기반 슈팅
10,11,(-),천하제일상 거상,㈜에이케이인터렉티브,MMORPG
11,12,(+1),마인크래프트,엑스박스 게임 스튜디오,샌드박스
12,13,(-1),리니지,㈜엔씨소프트,MMORPG
13,14,(-),블레이드앤소울,㈜엔씨소프트,MMORPG
14,15,(+1),아키에이지,㈜엑스엘게임즈,판타지 RPG
15,16,(-1),서든어택,㈜넥슨코리아,FPS
16,17,(-),사이퍼즈,㈜넥슨코리아,액션
17,18,(-),테일즈런너,㈜스마일게이트메가포트,레이싱
18,19,(+2),도타2 (오토체스),밸브 코퍼레이션,MOBA
19,20,(-1),아이온: 영원의 탑,㈜엔씨소프트,MMORPG
20,21,(-1),엘소드,㈜넥슨코리아,횡스크롤 액션 MMORPG
21,22,(-),테라,㈜넥슨코리아,MMORPG
22,23,(-),크레이지 아케이드 비엔비,㈜넥슨코리아,아케이드
23,24,(-),마비노기,㈜넥슨코리아,MMORPG
24,25,(-),리니지2,㈜엔씨소프트,MMORPG
25,26,(-),바람의나라,㈜넥슨코리아,MMORPG
26,27,(+2),몬스터헌터 월드,캡콤,액션 RPG
27,28,(-),디아블로3,블리자드,롤플레잉
28,29,(+1),파이널 판타지 14,㈜액토즈소프트,MMORPG
29,30,(+3),마비노기 영웅전,㈜넥슨코리아,액션 RPG
30,31,(-),스페셜포스,㈜드래곤플라이,FPS
0,1,(-),리그 오브 레전드,라이엇 게임즈,MOBA
1,2,(+1),메이플스토리,㈜넥슨코리아,MMORPG
2,3,(-1),패스 오브 엑자일,㈜카카오게임즈,ARPG
3,4,(-),피파온라인4,㈜넥슨코리아,스포츠
4,5,(-),던전앤파이터,㈜넥슨코리아,벨트 스크롤 액션 RPG
5,6,(-),로스트아크,㈜스마일게이트알피지,핵앤슬래시 MMORPG
6,7,(-),카트라이더,㈜넥슨코리아,레이싱
7,8,(+1),배틀그라운드,펍지주식회사,서바이벌 슈팅
8,9,(-1),검은사막,㈜펄어비스,MMORPG
9,10,(+2),마인크래프트,엑스박스 게임 스튜디오,샌드박스
10,11,(-1),오버워치,블리자드 엔터테인먼트,팀 기반 슈팅
11,12,(-1),천하제일상 거상,㈜에이케이인터렉티브,MMORPG
12,13,(-),리니지,㈜엔씨소프트,MMORPG
13,14,(+2),서든어택,㈜넥슨코리아,FPS
14,15,(-),아키에이지,㈜엑스엘게임즈,판타지 RPG
15,16,(-2),블레이드앤소울,㈜엔씨소프트,MMORPG
16,17,(-),사이퍼즈,㈜넥슨코리아,액션
17,18,(-),테일즈런너,㈜스마일게이트메가포트,레이싱
18,19,(-),도타2 (오토체스),밸브 코퍼레이션,MOBA
19,20,(-),아이온: 영원의 탑,㈜엔씨소프트,MMORPG
20,21,(+1),테라,㈜넥슨코리아,MMORPG
21,22,(+1),크레이지 아케이드 비엔비,㈜넥슨코리아,아케이드
22,23,(-2),엘소드,㈜넥슨코리아,횡스크롤 액션 MMORPG
23,24,(-),마비노기,㈜넥슨코리아,MMORPG
24,25,(+1),바람의나라,㈜넥슨코리아,MMORPG
25,26,(-1),리니지2,㈜엔씨소프트,MMORPG
26,27,(+3),마비노기 영웅전,㈜넥슨코리아,액션 RPG
27,28,(+1),파이널 판타지 14,㈜액토즈소프트,MMORPG
28,29,(-2),몬스터헌터 월드,캡콤,액션 RPG
29,30,(new),라테일,(주)액토즈소프트,MMORPG
30,31,(new),클로저스,(주)넥슨코리아,벨트스크롤 액션
0,1,(-),리그 오브 레전드,라이엇 게임즈,MOBA
1,2,(-),메이플스토리,㈜넥슨코리아,MMORPG
2,3,(+1),피파온라인4,㈜넥슨코리아,스포츠
3,4,(-1),패스 오브 엑자일,㈜카카오게임즈,ARPG
4,5,(-),던전앤파이터,㈜넥슨코리아,벨트 스크롤 액션 RPG
5,6,(-),로스트아크,㈜스마일게이트알피지,핵앤슬래시 MMORPG
6,7,(-),카트라이더,㈜넥슨코리아,레이싱
7,8,(-),배틀그라운드,펍지주식회사,서바이벌 슈팅
8,9,(+5),서든어택,㈜넥슨코리아,FPS
9,10,(+1),오버워치,블리자드 엔터테인먼트,팀 기반 슈팅
10,11,(-1),마인크래프트,엑스박스 게임 스튜디오,샌드박스
11,12,(+1),리니지,㈜엔씨소프트,MMORPG
12,13,(-4),검은사막,㈜펄어비스,MMORPG
13,14,(-2),천하제일상 거상,㈜에이케이인터렉티브,MMORPG
14,15,(+3),테일즈런너,㈜스마일게이트메가포트,레이싱
15,16,(-1),아키에이지,㈜엑스엘게임즈,판타지 RPG
16,17,(-),사이퍼즈,㈜넥슨코리아,액션
17,18,(-2),블레이드앤소울,㈜엔씨소프트,MMORPG
18,19,(-),도타2 (오토체스),밸브 코퍼레이션,MOBA
19,20,(-),아이온: 영원의 탑,㈜엔씨소프트,MMORPG
20,21,(-),테라,㈜넥슨코리아,MMORPG
21,22,(-),크레이지 아케이드 비엔비,㈜넥슨코리아,아케이드
22,23,(+1),마비노기,㈜넥슨코리아,MMORPG
23,24,(-1),엘소드,㈜넥슨코리아,횡스크롤 액션 MMORPG
24,25,(-),바람의나라,㈜넥슨코리아,MMORPG
25,26,(+4),라테일,(주)액토즈소프트,MMORPG
26,27,(-),마비노기 영웅전,㈜넥슨코리아,액션 RPG
27,28,(-2),리니지2,㈜엔씨소프트,MMORPG
28,29,(+2),클로저스,(주)넥슨코리아,벨트스크롤 액션
29,30,(-1),몬스터헌터 월드,캡콤,액션 RPG
30,31,(-3),파이널 판타지 14,㈜액토즈소프트,MMORPG
0,1,(-),리그 오브 레전드,라이엇 게임즈,MOBA
1,2,(+1),피파온라인4,㈜넥슨코리아,스포츠
2,3,(-1),메이플스토리,㈜넥슨코리아,MMORPG
3,4,(-),패스 오브 엑자일,㈜카카오게임즈,ARPG
4,5,(-),던전앤파이터,㈜넥슨코리아,벨트 스크롤 액션 RPG
5,6,(-),로스트아크,㈜스마일게이트알피지,핵앤슬래시 MMORPG
6,7,(-),카트라이더,㈜넥슨코리아,레이싱
7,8,(-),배틀그라운드,펍지주식회사,서바이벌 슈팅
8,9,(+1),오버워치,블리자드 엔터테인먼트,팀 기반 슈팅
9,10,(+1),마인크래프트,엑스박스 게임 스튜디오,샌드박스
10,11,(+1),리니지,㈜엔씨소프트,MMORPG
11,12,(-3),서든어택,㈜넥슨코리아,FPS
12,13,(+1),천하제일상 거상,㈜에이케이인터렉티브,MMORPG
13,14,(-1),검은사막,㈜펄어비스,MMORPG
14,15,(-),테일즈런너,㈜스마일게이트메가포트,레이싱
15,16,(+1),사이퍼즈,㈜넥슨코리아,액션
16,17,(-1),아키에이지,㈜엑스엘게임즈,판타지 RPG
17,18,(-),블레이드앤소울,㈜엔씨소프트,MMORPG
18,19,(+2),테라,㈜넥슨코리아,MMORPG
19,20,(-),아이온: 영원의 탑,㈜엔씨소프트,MMORPG
20,21,(-2),도타2 (오토체스),밸브 코퍼레이션,MOBA
21,22,(-),크레이지 아케이드 비엔비,㈜넥슨코리아,아케이드
22,23,(+1),엘소드,㈜넥슨코리아,횡스크롤 액션 MMORPG
23,24,(-1),마비노기,㈜넥슨코리아,MMORPG
24,25,(-),바람의나라,㈜넥슨코리아,MMORPG
25,26,(-),라테일,(주)액토즈소프트,MMORPG
26,27,(-),마비노기 영웅전,㈜넥슨코리아,액션 RPG
27,28,(+1),클로저스,(주)넥슨코리아,벨트스크롤 액션
28,29,(+1),몬스터헌터 월드,캡콤,액션 RPG
29,30,(-2),리니지2,㈜엔씨소프트,MMORPG
30,31,(-),파이널 판타지 14,㈜액토즈소프트,MMORPG
0,1,(-),리그 오브 레전드,라이엇 게임즈,MOBA
1,2,(-),피파온라인4,㈜넥슨코리아,스포츠
2,3,(-),메이플스토리,㈜넥슨코리아,MMORPG
3,4,(-),패스 오브 엑자일,㈜카카오게임즈,ARPG
4,5,(+1),로스트아크,㈜스마일게이트알피지,핵앤슬래시 MMORPG
5,6,(-1),던전앤파이터,㈜넥슨코리아,벨트 스크롤 액션 RPG
6,7,(-),카트라이더,㈜넥슨코리아,레이싱
7,8,(-),배틀그라운드,펍지주식회사,서바이벌 슈팅
8,9,(-),오버워치,블리자드 엔터테인먼트,팀 기반 슈팅
9,10,(-),마인크래프트,엑스박스 게임 스튜디오,샌드박스
10,11,(+1),서든어택,㈜넥슨코리아,FPS
11,12,(-1),리니지,㈜엔씨소프트,MMORPG
12,13,(-),천하제일상 거상,㈜에이케이인터렉티브,MMORPG
13,14,(+1),테일즈런너,㈜스마일게이트메가포트,레이싱
14,15,(+1),사이퍼즈,㈜넥슨코리아,액션
15,16,(+1),아키에이지,㈜엑스엘게임즈,판타지 RPG
16,17,(-2),검은사막,㈜펄어비스,MMORPG
17,18,(-),블레이드앤소울,㈜엔씨소프트,MMORPG
18,19,(-),테라,㈜넥슨코리아,MMORPG
19,20,(-),아이온: 영원의 탑,㈜엔씨소프트,MMORPG
20,21,(+1),크레이지 아케이드 비엔비,㈜넥슨코리아,아케이드
21,22,(+1),엘소드,㈜넥슨코리아,횡스크롤 액션 MMORPG
22,23,(+2),바람의나라,㈜넥슨코리아,MMORPG
23,24,(-),마비노기,㈜넥슨코리아,MMORPG
24,25,(+1),라테일,㈜액토즈소프트,MMORPG
25,26,(+4),리니지2,㈜엔씨소프트,MMORPG
26,27,(-6),도타2 (오토체스),밸브 코퍼레이션,MOBA
27,28,(-1),마비노기 영웅전,㈜넥슨코리아,액션 RPG
28,29,(-1),클로저스,㈜넥슨코리아,벨트스크롤 액션
29,30,(-1),몬스터헌터 월드,캡콤,액션 RPG
30,31,(-),파이널 판타지 14,㈜액토즈소프트,MMORPG
0,1,(-),리그 오브 레전드,라이엇 게임즈,MOBA
1,2,(-),피파온라인4,㈜넥슨코리아,스포츠
2,3,(-),메이플스토리,㈜넥슨코리아,MMORPG
3,4,(-),패스 오브 엑자일,㈜카카오게임즈,ARPG
4,5,(-),로스트아크,㈜스마일게이트알피지,핵앤슬래시 MMORPG
5,6,(-),던전앤파이터,㈜넥슨코리아,벨트 스크롤 액션 RPG
6,7,(+1),배틀그라운드,펍지주식회사,서바이벌 슈팅
7,8,(-1),카트라이더,㈜넥슨코리아,레이싱
8,9,(-),오버워치,블리자드 엔터테인먼트,팀 기반 슈팅
9,10,(+1),서든어택,㈜넥슨코리아,FPS
10,11,(-1),마인크래프트,엑스박스 게임 스튜디오,샌드박스
11,12,(-),리니지,㈜엔씨소프트,MMORPG
12,13,(-),천하제일상 거상,㈜에이케이인터렉티브,MMORPG
13,14,(+1),사이퍼즈,㈜넥슨코리아,액션
14,15,(+1),아키에이지,㈜엑스엘게임즈,판타지 RPG
15,16,(-2),테일즈런너,㈜스마일게이트메가포트,레이싱
16,17,(+1),블레이드앤소울,㈜엔씨소프트,MMORPG
17,18,(-1),검은사막,㈜펄어비스,MMORPG
18,19,(-),테라,㈜넥슨코리아,MMORPG
19,20,(-),아이온: 영원의 탑,㈜엔씨소프트,MMORPG
20,21,(+5),리니지2,㈜엔씨소프트,MMORPG
21,22,(-),엘소드,㈜넥슨코리아,횡스크롤 액션 MMORPG
22,23,(-2),크레이지 아케이드 비엔비,㈜넥슨코리아,아케이드
23,24,(-1),바람의나라,㈜넥슨코리아,MMORPG
24,25,(-),라테일,㈜액토즈소프트,MMORPG
25,26,(-2),마비노기,㈜넥슨코리아,MMORPG
26,27,(+1),마비노기 영웅전,㈜넥슨코리아,액션 RPG
27,28,(+3),파이널 판타지 14,㈜액토즈소프트,MMORPG
28,29,(-2),도타2 (오토체스),밸브 코퍼레이션,MOBA
29,30,(-),몬스터헌터 월드,캡콤,액션 RPG
30,31,(-2),클로저스,㈜넥슨코리아,벨트스크롤 액션
0,1,(-),리그 오브 레전드,라이엇 게임즈,MOBA
1,2,(-),피파온라인4,㈜넥슨코리아,스포츠
2,3,(-),메이플스토리,㈜넥슨코리아,MMORPG
3,4,(+1),로스트아크,㈜스마일게이트알피지,핵앤슬래시 MMORPG
4,5,(-1),패스 오브 엑자일,㈜카카오게임즈,ARPG
5,6,(-),던전앤파이터,㈜넥슨코리아,벨트 스크롤 액션 RPG
6,7,(-),배틀그라운드,펍지주식회사,서바이벌 슈팅
7,8,(-),카트라이더,㈜넥슨코리아,레이싱
8,9,(-),오버워치,블리자드 엔터테인먼트,팀 기반 슈팅
9,10,(-),서든어택,㈜넥슨코리아,FPS
10,11,(-),마인크래프트,엑스박스 게임 스튜디오,샌드박스
11,12,(+1),천하제일상 거상,㈜에이케이인터렉티브,MMORPG
12,13,(-1),리니지,㈜엔씨소프트,MMORPG
13,14,(+2),테일즈런너,㈜스마일게이트메가포트,레이싱
14,15,(-1),사이퍼즈,㈜넥슨코리아,액션
15,16,(+5),리니지2,㈜엔씨소프트,MMORPG
16,17,(-2),아키에이지,㈜엑스엘게임즈,판타지 RPG
17,18,(-1),블레이드앤소울,㈜엔씨소프트,MMORPG
18,19,(-1),검은사막,㈜펄어비스,MMORPG
19,20,(-1),테라,㈜넥슨코리아,MMORPG
20,21,(-1),아이온: 영원의 탑,㈜엔씨소프트,MMORPG
21,22,(+2),바람의나라,㈜넥슨코리아,MMORPG
22,23,(-),크레이지 아케이드 비엔비,㈜넥슨코리아,아케이드
23,24,(-2),엘소드,㈜넥슨코리아,횡스크롤 액션 MMORPG
24,25,(-),라테일,㈜액토즈소프트,MMORPG
25,26,(-),마비노기,㈜넥슨코리아,MMORPG
26,27,(+1),파이널 판타지 14,㈜액토즈소프트,MMORPG
27,28,(-1),마비노기 영웅전,㈜넥슨코리아,액션 RPG
28,29,(+1),몬스터헌터 월드,캡콤,액션 RPG
29,30,(+2),하스스톤,블리자드 엔터테인먼트,CCG
30,31,(-2),도타2 (오토체스),밸브 코퍼레이션,MOBA
0,1,(-),리그 오브 레전드,라이엇 게임즈,MOBA
1,2,(-),피파온라인4,㈜넥슨코리아,스포츠
2,3,(-),메이플스토리,㈜넥슨코리아,MMORPG
3,4,(-),로스트아크,㈜스마일게이트알피지,핵앤슬래시 MMORPG
4,5,(+1),던전앤파이터,㈜넥슨코리아,벨트 스크롤 액션 RPG
5,6,(-1),패스 오브 엑자일,㈜카카오게임즈,ARPG
6,7,(+1),카트라이더,㈜넥슨코리아,레이싱
7,8,(+1),오버워치,블리자드 엔터테인먼트,팀 기반 슈팅
8,9,(-2),배틀그라운드,펍지주식회사,서바이벌 슈팅
9,10,(-),서든어택,㈜넥슨코리아,FPS
10,11,(-),마인크래프트,엑스박스 게임 스튜디오,샌드박스
11,12,(+4),리니지2,㈜엔씨소프트,MMORPG
12,13,(-1),천하제일상 거상,㈜에이케이인터렉티브,MMORPG
13,14,(-1),리니지,㈜엔씨소프트,MMORPG
14,15,(-1),테일즈런너,㈜스마일게이트메가포트,레이싱
15,16,(-1),사이퍼즈,㈜넥슨코리아,액션
16,17,(-),아키에이지,㈜엑스엘게임즈,판타지 RPG
17,18,(-),블레이드앤소울,㈜엔씨소프트,MMORPG
18,19,(-),검은사막,㈜펄어비스,MMORPG
19,20,(+2),바람의나라,㈜넥슨코리아,MMORPG
20,21,(-1),테라,㈜넥슨코리아,MMORPG
21,22,(-1),아이온: 영원의 탑,㈜엔씨소프트,MMORPG
22,23,(-),크레이지 아케이드 비엔비,㈜넥슨코리아,아케이드
23,24,(-),엘소드,㈜넥슨코리아,횡스크롤 액션 MMORPG
24,25,(+1),마비노기,㈜넥슨코리아,MMORPG
25,26,(-1),라테일,㈜액토즈소프트,MMORPG
26,27,(+12),카운터 스트라이크 온라인,㈜넥슨코리아,FPS
27,28,(-),마비노기 영웅전,㈜넥슨코리아,액션 RPG
28,29,(-),몬스터헌터 월드,캡콤,액션 RPG
29,30,(-3),파이널 판타지 14,㈜액토즈소프트,MMORPG
30,31,(+4),디아블로3,블리자드,롤플레잉
0,1,(-),리그 오브 레전드,라이엇 게임즈,MOBA
1,2,(-),피파온라인4,㈜넥슨코리아,스포츠
2,3,(-),메이플스토리,㈜넥슨코리아,MMORPG
3,4,(-),로스트아크,㈜스마일게이트알피지,핵앤슬래시 MMORPG
4,5,(-),던전앤파이터,㈜넥슨코리아,벨트 스크롤 액션 RPG
5,6,(+1),카트라이더,㈜넥슨코리아,레이싱
6,7,(+1),오버워치,블리자드 엔터테인먼트,팀 기반 슈팅
7,8,(+1),배틀그라운드,펍지주식회사,서바이벌 슈팅
8,9,(+1),서든어택,㈜넥슨코리아,FPS
9,10,(+2),리니지2,㈜엔씨소프트,MMORPG
10,11,(-5),패스 오브 엑자일,㈜카카오게임즈,ARPG
11,12,(-1),마인크래프트,엑스박스 게임 스튜디오,샌드박스
12,13,(-),천하제일상 거상,㈜에이케이인터렉티브,MMORPG
13,14,(-),리니지,㈜엔씨소프트,MMORPG
14,15,(-),테일즈런너,㈜스마일게이트메가포트,레이싱
15,16,(-),사이퍼즈,㈜넥슨코리아,액션
16,17,(-),아키에이지,㈜엑스엘게임즈,판타지 RPG
17,18,(-),블레이드앤소울,㈜엔씨소프트,MMORPG
18,19,(+1),바람의나라,㈜넥슨코리아,MMORPG
19,20,(-1),검은사막,㈜펄어비스,MMORPG
20,21,(-),테라,㈜넥슨코리아,MMORPG
21,22,(-),아이온: 영원의 탑,㈜엔씨소프트,MMORPG
22,23,(-),크레이지 아케이드 비엔비,㈜넥슨코리아,아케이드
23,24,(+1),마비노기,㈜넥슨코리아,MMORPG
24,25,(-1),엘소드,㈜넥슨코리아,횡스크롤 액션 MMORPG
25,26,(-),라테일,㈜액토즈소프트,횡스크롤 액션 MMORPG
26,27,(+2),몬스터헌터 월드,캡콤,액션 RPG
27,28,(-1),카운터 스트라이크 온라인,㈜넥슨코리아,FPS
28,29,(+2),디아블로3,블리자드,롤플레잉
29,30,(-2),마비노기 영웅전,㈜넥슨코리아,액션 RPG
30,31,(-1),파이널 판타지 14,㈜액토즈소프트,MMORPG
31,32,(-),하스스톤,블리자드 엔터테인먼트,CCG
32,33,(-),스페셜포스,㈜드래곤플라이,FPS
33,34,(+2),클로저스,㈜넥슨코리아,벨트 스크롤 액션
34,35,(-1),포트나이트,에픽게임즈,빌딩 서바이벌 배틀로얄
35,36,(+1),도타2,밸브 코퍼레이션,MOBA
36,37,(+9),월드 오브 워크래프트,블리자드 엔터테인먼트,MMORPG
37,38,(-3),소울워커,㈜스마일게이트메가포트,액션 RPG
38,39,(-1),테일즈위버,㈜넥슨코리아,드라마틱 온라인 액션 RPG
39,40,(-1),로스트사가,㈜위메이드,액션
0,1,(-),리그 오브 레전드,라이엇 게임즈,MOBA
1,2,(-),피파온라인4,㈜넥슨코리아,스포츠
2,3,(+34),월드 오브 워크래프트,블리자드 엔터테인먼트,MMORPG
3,4,(-1),메이플스토리,㈜넥슨코리아,MMORPG
4,5,(-1),로스트아크,㈜스마일게이트알피지,핵앤슬래시 MMORPG
5,6,(+1),오버워치,블리자드 엔터테인먼트,팀 기반 슈팅
6,7,(-2),던전앤파이터,㈜넥슨코리아,벨트 스크롤 액션 RPG
7,8,(-2),카트라이더,㈜넥슨코리아,레이싱
8,9,(+1),리니지2,㈜엔씨소프트,MMORPG
9,10,(-2),배틀그라운드,펍지주식회사,서바이벌 슈팅
10,11,(-2),서든어택,㈜넥슨코리아,FPS
11,12,(-),마인크래프트,엑스박스 게임 스튜디오,샌드박스
12,13,(-2),패스 오브 엑자일,㈜카카오게임즈,ARPG
13,14,(-1),천하제일상 거상,㈜에이케이인터렉티브,MMORPG
14,15,(-1),리니지,㈜엔씨소프트,MMORPG
15,16,(-),사이퍼즈,㈜넥슨코리아,액션
16,17,(-2),테일즈런너,㈜스마일게이트메가포트,레이싱
17,18,(-1),아키에이지,㈜엑스엘게임즈,판타지 RPG
18,19,(-1),블레이드앤소울,㈜엔씨소프트,MMORPG
19,20,(-),검은사막,㈜펄어비스,MMORPG
20,21,(-2),바람의나라,㈜넥슨코리아,MMORPG
21,22,(-),아이온: 영원의 탑,㈜엔씨소프트,MMORPG
22,23,(-2),테라,㈜넥슨코리아,MMORPG
23,24,(-1),크레이지 아케이드 비엔비,㈜넥슨코리아,아케이드
24,25,(-1),마비노기,㈜넥슨코리아,MMORPG
25,26,(-1),엘소드,㈜넥슨코리아,횡스크롤 액션 MMORPG
26,27,(-),몬스터헌터 월드,캡콤,액션 RPG
27,28,(-2),라테일,㈜액토즈소프트,MMORPG
28,29,(-),디아블로3,블리자드,롤플레잉
29,30,(-2),카운터 스트라이크 온라인,㈜넥슨코리아,FPS
30,31,(-1),마비노기 영웅전,㈜넥슨코리아,액션 RPG
31,32,(-1),파이널 판타지 14,㈜액토즈소프트,MMORPG
32,33,(-),스페셜포스,㈜드래곤플라이,FPS
33,34,(-2),하스스톤,블리자드 엔터테인먼트,CCG
34,35,(-1),클로저스,㈜넥슨코리아,벨트 스크롤 액션
35,36,(-1),포트나이트,에픽게임즈,빌딩 서바이벌 배틀로얄
36,37,(+2),테일즈위버,㈜넥슨코리아,드라마틱 온라인 액션 RPG
37,38,(-2),도타2 (오토체스),밸브 코퍼레이션,MOBA
38,39,(-1),소울워커,㈜스마일게이트메가포트,액션 RPG
39,40,(-),로스트사가,㈜위메이드,액션
0,1,(-),리그 오브 레전드,라이엇 게임즈,MOBA
1,2,(-),피파온라인4,㈜넥슨코리아,스포츠
2,3,(-),월드 오브 워크래프트,블리자드 엔터테인먼트,MMORPG
3,4,(-),메이플스토리,㈜넥슨코리아,MMORPG
4,5,(-),로스트아크,㈜스마일게이트알피지,핵앤슬래시 MMORPG
5,6,(+2),카트라이더,㈜넥슨코리아,레이싱
6,7,(-1),오버워치,블리자드 엔터테인먼트,팀 기반 슈팅
7,8,(-1),던전앤파이터,㈜넥슨코리아,벨트 스크롤 액션 RPG
8,9,(+1),배틀그라운드,펍지주식회사,서바이벌 슈팅
9,10,(+3),패스 오브 엑자일,㈜카카오게임즈,ARPG
10,11,(-2),리니지2,㈜엔씨소프트,MMORPG
11,12,(-1),서든어택,㈜넥슨코리아,FPS
12,13,(-1),마인크래프트,엑스박스 게임 스튜디오,샌드박스
13,14,(-),천하제일상 거상,㈜에이케이인터렉티브,MMORPG
14,15,(-),리니지,㈜엔씨소프트,MMORPG
15,16,(-),사이퍼즈,㈜넥슨코리아,액션
16,17,(+1),아키에이지,㈜엑스엘게임즈,판타지 RPG
17,18,(-1),테일즈런너,㈜스마일게이트메가포트,레이싱
18,19,(-),블레이드앤소울,㈜엔씨소프트,MMORPG
19,20,(-),검은사막,㈜펄어비스,MMORPG
20,21,(-),바람의나라,㈜넥슨코리아,MMORPG
21,22,(-),아이온: 영원의 탑,㈜엔씨소프트,MMORPG
22,23,(-),테라,㈜넥슨코리아,MMORPG
23,24,(-),크레이지 아케이드 비엔비,㈜넥슨코리아,아케이드
24,25,(-),마비노기,㈜넥슨코리아,MMORPG
25,26,(+1),몬스터헌터 월드,캡콤,액션 RPG
26,27,(-1),엘소드,㈜넥슨코리아,횡스크롤 액션 MMORPG
27,28,(+1),디아블로3,블리자드,롤플레잉
28,29,(-1),라테일,㈜액토즈소프트,MMORPG
29,30,(+1),마비노기 영웅전,㈜넥슨코리아,액션 RPG
30,31,(+1),파이널 판타지 14,㈜액토즈소프트,MMORPG
31,32,(+1),스페셜포스,㈜드래곤플라이,FPS
32,33,(+2),클로저스,㈜넥슨코리아,벨트스크롤 액션
33,34,(-4),카운터 스트라이크 온라인,㈜넥슨코리아,FPS
34,35,(-1),하스스톤,블리자드 엔터테인먼트,CCG
35,36,(+1),테일즈위버,㈜넥슨코리아,드라마틱 온라인 액션 RPG
36,37,(-1),포트나이트,에픽게임즈,빌딩 서바이벌 배틀로얄
37,38,(+1),소울워커,㈜스마일게이트메가포트,액션 RPG
38,39,(-1),도타2 (오토체스),밸브 코퍼레이션,MOBA
39,40,(-),로스트사가,㈜위메이드,액션
0,1,(-),리그 오브 레전드,라이엇 게임즈,MOBA
1,2,(-),피파온라인4,㈜넥슨코리아,스포츠
2,3,(-),월드 오브 워크래프트,블리자드 엔터테인먼트,MMORPG
3,4,(-),메이플스토리,㈜넥슨코리아,MMORPG
4,5,(+1),카트라이더,㈜넥슨코리아,레이싱
5,6,(+1),오버워치,블리자드 엔터테인먼트,팀 기반 슈팅
6,7,(-2),로스트아크,㈜스마일게이트알피지,핵앤슬래시 MMORPG
7,8,(+2),패스 오브 엑자일,㈜카카오게임즈,ARPG
8,9,(-1),던전앤파이터,㈜넥슨코리아,벨트 스크롤 액션 RPG
9,10,(-1),배틀그라운드,펍지주식회사,서바이벌 슈팅
10,11,(+2),마인크래프트,엑스박스 게임 스튜디오,샌드박스
11,12,(+2),천하제일상 거상,㈜에이케이인터렉티브,MMORPG
12,13,(-1),서든어택,㈜넥슨코리아,FPS
13,14,(-3),리니지2,㈜엔씨소프트,MMORPG
14,15,(-),리니지,㈜엔씨소프트,MMORPG
15,16,(-),사이퍼즈,㈜넥슨코리아,액션
16,17,(-),아키에이지,㈜엑스엘게임즈,판타지 RPG
17,18,(-),테일즈런너,㈜스마일게이트메가포트,레이싱
18,19,(+1),검은사막,㈜펄어비스,MMORPG
19,20,(-1),블레이드앤소울,㈜엔씨소프트,MMORPG
20,21,(+1),아이온: 영원의 탑,㈜엔씨소프트,MMORPG
21,22,(-1),바람의나라,㈜넥슨코리아,MMORPG
22,23,(+1),크레이지 아케이드 비엔비,㈜넥슨코리아,아케이드
23,24,(+1),마비노기,㈜넥슨코리아,MMORPG
24,25,(-2),테라,㈜넥슨코리아,MMORPG
25,26,(-),몬스터헌터 월드,캡콤,액션 RPG
26,27,(-),엘소드,㈜넥슨코리아,횡스크롤 액션 MMORPG
27,28,(-),디아블로3,블리자드,롤플레잉
28,29,(-),라테일,㈜액토즈소프트,MMORPG
29,30,(-),마비노기 영웅전,㈜넥슨코리아,액션 RPG
30,31,(-),파이널 판타지 14,㈜액토즈소프트,MMORPG
31,32,(-),스페셜포스,㈜드래곤플라이,FPS
32,33,(-),클로저스,㈜넥슨코리아,벨트스크롤 액션
33,34,(-),카운터 스트라이크 온라인,㈜넥슨코리아,FPS
34,35,(+1),테일즈위버,㈜넥슨코리아,드라마틱 온라인 액션 RPG
35,36,(+3),도타2 (오토체스),밸브 코퍼레이션,MOBA
36,37,(-),포트나이트,에픽게임즈,빌딩 서바이벌 배틀로얄
37,38,(-3),하스스톤,블리자드 엔터테인먼트,CCG
38,39,(-1),소울워커,㈜스마일게이트메가포트,액션 RPG
39,40,(+1),마구마구,넷마블㈜,스포츠
0,1,(-),리그 오브 레전드,라이엇 게임즈,MOBA
1,2,(-),피파온라인4,㈜넥슨코리아,스포츠
2,3,(+1),메이플스토리,㈜넥슨코리아,MMORPG
3,4,(+4),패스 오브 엑자일,㈜카카오게임즈,ARPG
4,5,(-),카트라이더,㈜넥슨코리아,레이싱
5,6,(-),오버워치,블리자드 엔터테인먼트,팀 기반 슈팅
6,7,(+2),던전앤파이터,㈜넥슨코리아,벨트 스크롤 액션 RPG
7,8,(-5),월드 오브 워크래프트,블리자드 엔터테인먼트,MMORPG
8,9,(+1),배틀그라운드,펍지주식회사,서바이벌 슈팅
9,10,(-3),로스트아크,㈜스마일게이트알피지,핵앤슬래시 MMORPG
10,11,(new),피파 20,일렉트로닉 아츠,스포츠
11,12,(-),천하제일상 거상,㈜에이케이인터렉티브,MMORPG
12,13,(-2),마인크래프트,엑스박스 게임 스튜디오,샌드박스
13,14,(-1),서든어택,㈜넥슨코리아,FPS
14,15,(-1),리니지2,㈜엔씨소프트,MMORPG
15,16,(-),사이퍼즈,㈜넥슨코리아,액션
16,17,(-2),리니지,㈜엔씨소프트,MMORPG
17,18,(-1),아키에이지,㈜엑스엘게임즈,판타지 RPG
18,19,(-1),테일즈런너,㈜스마일게이트메가포트,레이싱
19,20,(-),블레이드앤소울,㈜엔씨소프트,MMORPG
20,21,(-2),검은사막,㈜펄어비스,MMORPG
21,22,(-1),아이온: 영원의 탑,㈜엔씨소프트,MMORPG
22,23,(-1),바람의나라,㈜넥슨코리아,MMORPG
23,24,(-1),크레이지 아케이드 비엔비,㈜넥슨코리아,아케이드
24,25,(-1),마비노기,㈜넥슨코리아,MMORPG
25,26,(-),몬스터헌터 월드,캡콤,액션 RPG
26,27,(-2),테라,㈜넥슨코리아,MMORPG
27,28,(-1),엘소드,㈜넥슨코리아,횡스크롤 액션 MMORPG
28,29,(-1),디아블로3,블리자드,롤플레잉
29,30,(-1),라테일,㈜액토즈소프트,MMORPG
30,31,(-1),마비노기 영웅전,㈜넥슨코리아,액션 RPG
31,32,(-1),파이널 판타지 14,㈜액토즈소프트,MMORPG
32,33,(+7),마구마구,넷마블㈜,스포츠
33,34,(-2),스페셜포스,㈜드래곤플라이,FPS
34,35,(-1),카운터 스트라이크 온라인,㈜넥슨코리아,FPS
35,36,(+1),포트나이트,에픽게임즈,빌딩 서바이벌 배틀로얄
36,37,(-4),클로저스,㈜넥슨코리아,벨트 스크롤 액션
37,38,(-3),테일즈위버,㈜넥슨코리아,드라마틱 온라인 액션 RPG
38,39,(-1),하스스톤,블리자드 엔터테인먼트,CCG
39,40,(-1),소울워커,㈜스마일게이트메가포트,액션 RPG
0,1,(-),리그 오브 레전드,라이엇 게임즈,MOBA
1,2,(-),피파온라인4,㈜넥슨코리아,스포츠
2,3,(-),메이플스토리,㈜넥슨코리아,MMORPG
3,4,(-),패스 오브 엑자일,㈜카카오게임즈,ARPG
4,5,(-),카트라이더,㈜넥슨코리아,레이싱
5,6,(+5),피파 20,일렉트로닉 아츠,스포츠
6,7,(-1),오버워치,블리자드 엔터테인먼트,팀 기반 슈팅
7,8,(-1),던전앤파이터,㈜넥슨코리아,벨트 스크롤 액션 RPG
8,9,(+3),천하제일상 거상,㈜에이케이인터렉티브,MMORPG
9,10,(-),로스트아크,㈜스마일게이트알피지,핵앤슬래시 MMORPG
10,11,(-2),배틀그라운드,펍지주식회사,서바이벌 슈팅
11,12,(+1),마인크래프트,엑스박스 게임 스튜디오,샌드박스
12,13,(+1),서든어택,㈜넥슨코리아,FPS
13,14,(-6),월드 오브 워크래프트,블리자드 엔터테인먼트,MMORPG
14,15,(+1),사이퍼즈,㈜넥슨코리아,액션
15,16,(+2),아키에이지,㈜엑스엘게임즈,판타지 RPG
16,17,(-),리니지,㈜엔씨소프트,MMORPG
17,18,(-3),리니지2,㈜엔씨소프트,MMORPG
18,19,(-),테일즈런너,㈜스마일게이트메가포트,레이싱
19,20,(-),블레이드앤소울,㈜엔씨소프트,MMORPG
20,21,(-),검은사막,㈜펄어비스,MMORPG
21,22,(-),아이온: 영원의 탑,㈜엔씨소프트,MMORPG
22,23,(+1),크레이지 아케이드 비엔비,㈜넥슨코리아,아케이드
23,24,(-1),바람의나라,㈜넥슨코리아,MMORPG
24,25,(+1),몬스터헌터 월드,캡콤,액션 RPG
25,26,(-1),마비노기,㈜넥슨코리아,MMORPG
26,27,(-),테라,㈜넥슨코리아,MMORPG
27,28,(-),엘소드,㈜넥슨코리아,횡스크롤 액션 MMORPG
28,29,(+4),마구마구,넷마블㈜,스포츠
29,30,(-1),디아블로3,블리자드,롤플레잉
30,31,(-1),라테일,㈜액토즈소프트,MMORPG
31,32,(-1),마비노기 영웅전,㈜넥슨코리아,액션 RPG
32,33,(+9),데스티니 가디언즈,번지,액션 슈터
33,34,(-),스페셜포스,㈜드래곤플라이,FPS
34,35,(-3),파이널 판타지 14,㈜액토즈소프트,MMORPG
35,36,(-),포트나이트,에픽게임즈,빌딩 서바이벌 배틀로얄
36,37,(-),클로저스,㈜넥슨코리아,벨트스크롤 액션
37,38,(-3),카운터 스트라이크 온라인,㈜넥슨코리아,FPS
38,39,(-1),테일즈위버,㈜넥슨코리아,드라마틱 온라인 액션 RPG
39,40,(-1),하스스톤,블리자드 엔터테인먼트,CCG
0,1,(-),리그 오브 레전드,라이엇 게임즈,MOBA
1,2,(-),피파온라인4,㈜넥슨코리아,스포츠
2,3,(-),메이플스토리,㈜넥슨코리아,MMORPG
3,4,(+1),카트라이더,㈜넥슨코리아,레이싱
4,5,(+3),던전앤파이터,㈜넥슨코리아,벨트 스크롤 액션 RPG
5,6,(+4),로스트아크,㈜스마일게이트알피지,핵앤슬래시 MMORPG
6,7,(+2),천하제일상 거상,㈜에이케이인터렉티브,MMORPG
7,8,(-2),피파 20,일렉트로닉 아츠,스포츠
8,9,(+2),배틀그라운드,펍지주식회사,서바이벌 슈팅
9,10,(-3),오버워치,블리자드 엔터테인먼트,팀 기반 슈팅
10,11,(-7),패스 오브 엑자일,㈜카카오게임즈,ARPG
11,12,(-),마인크래프트,엑스박스 게임 스튜디오,샌드박스
12,13,(+1),월드 오브 워크래프트,블리자드 엔터테인먼트,MMORPG
13,14,(-1),서든어택,㈜넥슨코리아,FPS
14,15,(-1),아키에이지,㈜엑스엘게임즈,판타지 RPG
15,16,(-1),사이퍼즈,㈜넥슨코리아,액션
16,17,(-),리니지,㈜엔씨소프트,MMORPG
17,18,(-),리니지2,㈜엔씨소프트,MMORPG
18,19,(+1),블레이드앤소울,㈜엔씨소프트,MMORPG
19,20,(+2),아이온: 영원의 탑,㈜엔씨소프트,MMORPG
20,21,(-),검은사막,㈜펄어비스,MMORPG
21,22,(-3),테일즈런너,㈜스마일게이트메가포트,레이싱
22,23,(-),크레이지 아케이드 비엔비,㈜넥슨코리아,아케이드
23,24,(-),바람의나라,㈜넥슨코리아,MMORPG
24,25,(-),몬스터헌터 월드,캡콤,액션 RPG
25,26,(-),마비노기,㈜넥슨코리아,MMORPG
26,27,(NEW),스타크래프트: 브루드 워,블리자드 엔터테인먼트 코리아,RTS
27,28,(+1),마구마구,넷마블㈜,스포츠
28,29,(-2),테라,㈜넥슨코리아,MMORPG
29,30,(-2),엘소드,㈜넥슨코리아,횡스크롤 액션 MMORPG
30,31,(+2),데스티니 가디언즈,번지,액션 슈터
31,32,(NEW),라그나로크 제로,(주)그라비티,RPG
32,33,(-3),디아블로3,블리자드,롤플레잉
33,34,(-2),마비노기 영웅전,㈜넥슨코리아,액션 RPG
34,35,(-4),라테일,㈜액토즈소프트,MMORPG
35,36,(-1),파이널 판타지 14,㈜액토즈소프트,MMORPG
36,37,(-3),스페셜포스,㈜드래곤플라이,FPS
37,38,(-2),포트나이트,에픽게임즈,빌딩 서바이벌 배틀로얄
38,39,(-),테일즈위버,㈜넥슨코리아,드라마틱 온라인 액션 RPG
39,40,(-3),클로저스,㈜넥슨코리아,벨트스크롤 액션
0,1,(-),리그 오브 레전드,라이엇 게임즈,MOBA
1,2,(-),피파온라인4,㈜넥슨코리아,스포츠
2,3,(-),메이플스토리,㈜넥슨코리아,MMORPG
3,4,(+5),배틀그라운드,펍지주식회사,서바이벌 슈팅
4,5,(-1),카트라이더,㈜넥슨코리아,레이싱
5,6,(-),로스트아크,㈜스마일게이트알피지,핵앤슬래시 MMORPG
6,7,(-2),던전앤파이터,㈜넥슨코리아,벨트 스크롤 액션 RPG
7,8,(-1),천하제일상 거상,㈜에이케이인터렉티브,MMORPG
8,9,(+1),오버워치,블리자드 엔터테인먼트,팀 기반 슈팅
9,10,(-2),피파 20,일렉트로닉 아츠,스포츠
10,11,(+2),월드 오브 워크래프트,블리자드 엔터테인먼트,MMORPG
11,12,(-),마인크래프트,엑스박스 게임 스튜디오,샌드박스
12,13,(-2),패스 오브 엑자일,㈜카카오게임즈,ARPG
13,14,(-),서든어택,㈜넥슨코리아,FPS
14,15,(+2),리니지,㈜엔씨소프트,MMORPG
15,16,(-1),아키에이지,㈜엑스엘게임즈,판타지 RPG
16,17,(-1),사이퍼즈,㈜넥슨코리아,액션
17,18,(-),리니지2,㈜엔씨소프트,MMORPG
18,19,(-),블레이드앤소울,㈜엔씨소프트,MMORPG
19,20,(-),아이온: 영원의 탑,㈜엔씨소프트,MMORPG
20,21,(-),검은사막,㈜펄어비스,MMORPG
21,22,(-),테일즈런너,㈜스마일게이트메가포트,레이싱
22,23,(-),크레이지 아케이드 비엔비,㈜넥슨코리아,아케이드
23,24,(-),바람의나라,㈜넥슨코리아,MMORPG
24,25,(+1),마비노기,㈜넥슨코리아,MMORPG
25,26,(+2),마구마구,넷마블㈜,스포츠
26,27,(+2),테라,㈜넥슨코리아,MMORPG
27,28,(-3),몬스터헌터 월드,캡콤,액션 RPG
28,29,(+2),데스티니 가디언즈,번지,액션 슈터
29,30,(-),엘소드,㈜넥슨코리아,횡스크롤 액션 MMORPG
30,31,(-4),스타크래프트: 브루드 워,블리자드 엔터테인먼트 코리아,RTS
31,32,(+3),라테일,㈜액토즈소프트,MMORPG
32,33,(-),디아블로3,블리자드,롤플레잉
33,34,(-2),라그나로크 제로,(주)그라비티,RPG
34,35,(+1),파이널 판타지 14,㈜액토즈소프트,MMORPG
35,36,(-2),마비노기 영웅전,㈜넥슨코리아,액션 RPG
36,37,(-),스페셜포스,㈜드래곤플라이,FPS
37,38,(-),포트나이트,에픽게임즈,빌딩 서바이벌 배틀로얄
38,39,(+1),클로저스,㈜넥슨코리아,벨트스크롤 액션
39,40,(+1),하스스톤,블리자드 엔터테인먼트,CCG
0,1,(-),리그 오브 레전드,라이엇 게임즈,MOBA
1,2,(-),피파온라인4,㈜넥슨코리아,스포츠
2,3,(-),메이플스토리,㈜넥슨코리아,MMORPG
3,4,(-),배틀그라운드,펍지주식회사,서바이벌 슈팅
4,5,(+1),로스트아크,㈜스마일게이트알피지,핵앤슬래시 MMORPG
5,6,(-1),카트라이더,㈜넥슨코리아,레이싱
6,7,(+1),천하제일상 거상,㈜에이케이인터렉티브,MMORPG
7,8,(-1),던전앤파이터,㈜넥슨코리아,벨트 스크롤 액션 RPG
8,9,(-),오버워치,블리자드 엔터테인먼트,팀 기반 슈팅
9,10,(+2),마인크래프트,엑스박스 게임 스튜디오,샌드박스
10,11,(+3),서든어택,㈜넥슨코리아,FPS
11,12,(+3),리니지,㈜엔씨소프트,MMORPG
12,13,(+3),아키에이지,㈜엑스엘게임즈,판타지 RPG
13,14,(-3),월드 오브 워크래프트,블리자드 엔터테인먼트,MMORPG
14,15,(-2),패스 오브 엑자일,㈜카카오게임즈,ARPG
15,16,(-6),피파 20,일렉트로닉 아츠,스포츠
16,17,(-),사이퍼즈,㈜넥슨코리아,액션
17,18,(+1),블레이드앤소울,㈜엔씨소프트,MMORPG
18,19,(-1),리니지2,㈜엔씨소프트,MMORPG
19,20,(+1),검은사막,㈜펄어비스,MMORPG
20,21,(-1),아이온: 영원의 탑,㈜엔씨소프트,MMORPG
21,22,(-),테일즈런너,㈜스마일게이트메가포트,레이싱
22,23,(-),크레이지 아케이드 비엔비,㈜넥슨코리아,아케이드
23,24,(-),바람의나라,㈜넥슨코리아,MMORPG
24,25,(-),마비노기,㈜넥슨코리아,MMORPG
25,26,(-),마구마구,넷마블㈜,스포츠
26,27,(-),테라,㈜넥슨코리아,MMORPG
27,28,(+1),데스티니 가디언즈,번지,액션 슈터
28,29,(-1),몬스터헌터 월드,캡콤,액션 RPG
29,30,(-),엘소드,㈜넥슨코리아,횡스크롤 액션 MMORPG
30,31,(-),스타크래프트: 브루드 워,블리자드 엔터테인먼트 코리아,RTS
31,32,(-),라테일,㈜액토즈소프트,MMORPG
32,33,(-),디아블로3,블리자드,롤플레잉
33,34,(+2),마비노기 영웅전,㈜넥슨코리아,액션 RPG
34,35,(-1),라그나로크 제로,(주)그라비티,RPG
35,36,(+1),스페셜포스,㈜드래곤플라이,FPS
36,37,(+1),포트나이트,에픽게임즈,빌딩 서바이벌 배틀로얄
37,38,(+1),클로저스,㈜넥슨코리아,벨트스크롤 액션
38,39,(+1),하스스톤,블리자드 엔터테인먼트,CCG
39,40,(NEW),테일즈위버,㈜넥슨코리아,드라마틱 온라인 액션 RPG
0,1,(-),리그 오브 레전드,라이엇 게임즈,MOBA
1,2,(-),피파온라인4,㈜넥슨코리아,스포츠
2,3,(-),메이플스토리,㈜넥슨코리아,MMORPG
3,4,(-),배틀그라운드,펍지주식회사,서바이벌 슈팅
4,5,(-),로스트아크,㈜스마일게이트알피지,핵앤슬래시 MMORPG
5,6,(+3),오버워치,블리자드 엔터테인먼트,팀 기반 슈팅
6,7,(-1),카트라이더,㈜넥슨코리아,레이싱
7,8,(-),던전앤파이터,㈜넥슨코리아,벨트 스크롤 액션 RPG
8,9,(-2),천하제일상 거상,㈜에이케이인터렉티브,MMORPG
9,10,(-),마인크래프트,엑스박스 게임 스튜디오,샌드박스
10,11,(+1),리니지,㈜엔씨소프트,MMORPG
11,12,(-1),서든어택,㈜넥슨코리아,FPS
12,13,(-),아키에이지,㈜엑스엘게임즈,판타지 RPG
13,14,(+4),블레이드앤소울,㈜엔씨소프트,MMORPG
14,15,(+2),사이퍼즈,㈜넥슨코리아,액션
15,16,(-2),월드 오브 워크래프트,블리자드 엔터테인먼트,MMORPG
16,17,(+2),리니지2,㈜엔씨소프트,MMORPG
17,18,(-3),패스 오브 엑자일,㈜카카오게임즈,ARPG
18,19,(NEW),콜 오브 듀티: 모던 워페어,"블리자드 엔터테인먼트, 액티비전",FPS
19,20,(+1),아이온: 영원의 탑,㈜엔씨소프트,MMORPG
20,21,(-1),검은사막,㈜펄어비스,MMORPG
21,22,(-6),피파 20,일렉트로닉 아츠,스포츠
22,23,(-1),테일즈런너,㈜스마일게이트메가포트,레이싱
23,24,(+1),마비노기,㈜넥슨코리아,MMORPG
24,25,(-1),바람의나라,㈜넥슨코리아,MMORPG
25,26,(-3),크레이지 아케이드 비엔비,㈜넥슨코리아,아케이드
26,27,(-),테라,㈜넥슨코리아,MMORPG
27,28,(+1),몬스터헌터 월드,캡콤,액션 RPG
28,29,(-1),데스티니 가디언즈,번지,액션 슈터
29,30,(+3),디아블로3,블리자드,롤플레잉
30,31,(-1),엘소드,㈜넥슨코리아,횡스크롤 액션 MMORPG
31,32,(-1),스타크래프트: 브루드 워,블리자드 엔터테인먼트 코리아,RTS
32,33,(+8),파이널 판타지 14,㈜액토즈소프트,MMORPG
33,34,(-2),라테일,㈜액토즈소프트,MMORPG
34,35,(-9),마구마구,넷마블㈜,스포츠
35,36,(-2),마비노기 영웅전,㈜넥슨코리아,액션 RPG
36,37,(+1),클로저스,㈜넥슨코리아,벨트스크롤 액션
37,38,(-1),포트나이트,에픽게임즈,빌딩 서바이벌 배틀로얄
38,39,(-3),스페셜포스,㈜드래곤플라이,FPS
39,40,(-1),하스스톤,블리자드 엔터테인먼트,CCG
0,1,(-),리그 오브 레전드,라이엇 게임즈,MOBA
1,2,(+1),메이플스토리,㈜넥슨코리아,MMORPG
2,3,(-1),피파온라인4,㈜넥슨코리아,스포츠
3,4,(-),배틀그라운드,펍지주식회사,서바이벌 슈팅
4,5,(+2),카트라이더,㈜넥슨코리아,레이싱
5,6,(-1),로스트아크,㈜스마일게이트알피지,핵앤슬래시 MMORPG
6,7,(-1),오버워치,블리자드 엔터테인먼트,팀 기반 슈팅
7,8,(+3),리니지,㈜엔씨소프트,MMORPG
8,9,(-1),던전앤파이터,㈜넥슨코리아,벨트 스크롤 액션 RPG
9,10,(-1),천하제일상 거상,㈜에이케이인터렉티브,MMORPG
10,11,(-1),마인크래프트,엑스박스 게임 스튜디오,샌드박스
11,12,(+4),월드 오브 워크래프트,블리자드 엔터테인먼트,MMORPG
12,13,(-1),서든어택,㈜넥슨코리아,FPS
13,14,(-1),아키에이지,㈜엑스엘게임즈,판타지 RPG
14,15,(-1),블레이드앤소울,㈜엔씨소프트,MMORPG
15,16,(-1),사이퍼즈,㈜넥슨코리아,액션
16,17,(-),리니지2,㈜엔씨소프트,MMORPG
17,18,(NEW),레드 데드 리뎀션2,락스타 게임즈,오픈월드
18,19,(-),콜 오브 듀티: 모던 워페어,"블리자드 엔터테인먼트, 액티비전",FPS
19,20,(-2),패스 오브 엑자일,㈜카카오게임즈,ARPG
20,21,(-1),아이온: 영원의 탑,㈜엔씨소프트,MMORPG
21,22,(-1),검은사막,㈜펄어비스,MMORPG
22,23,(-),테일즈런너,㈜스마일게이트메가포트,레이싱
23,24,(-2),피파 20,일렉트로닉 아츠,스포츠
24,25,(-1),마비노기,㈜넥슨코리아,MMORPG
25,26,(-),크레이지 아케이드 비엔비,㈜넥슨코리아,아케이드
26,27,(-2),바람의나라,㈜넥슨코리아,MMORPG
27,28,(+2),디아블로3,블리자드,롤플레잉
28,29,(+3),스타크래프트: 브루드 워,블리자드 엔터테인먼트 코리아,RTS
29,30,(-3),테라,㈜넥슨코리아,MMORPG
30,31,(-3),몬스터헌터 월드,캡콤,액션 RPG
31,32,(-1),엘소드,㈜넥슨코리아,횡스크롤 액션 MMORPG
32,33,(-4),데스티니 가디언즈,번지,액션 슈터
33,34,(-1),파이널 판타지 14,㈜액토즈소프트,MMORPG
34,35,(-1),라테일,㈜액토즈소프트,MMORPG
35,36,(-),마비노기 영웅전,㈜넥슨코리아,액션 RPG
36,37,(-2),마구마구,넷마블㈜,스포츠
37,38,(NEW),라그나로크 제로,(주)그라비티,RPG
38,39,(NEW),디아블로2,블리자드 엔터테인먼트 코리아,RPG
39,40,(-),하스스톤,블리자드 엔터테인먼트,CCG
0,1,(-),리그 오브 레전드,라이엇 게임즈,MOBA
1,2,(+1),피파온라인4,㈜넥슨코리아,스포츠
2,3,(-1),메이플스토리,㈜넥슨코리아,MMORPG
3,4,(-),배틀그라운드,펍지주식회사,서바이벌 슈팅
4,5,(+1),로스트아크,㈜스마일게이트알피지,핵앤슬래시 MMORPG
5,6,(-1),카트라이더,㈜넥슨코리아,레이싱
6,7,(-),오버워치,블리자드 엔터테인먼트,팀 기반 슈팅
7,8,(-),리니지,㈜엔씨소프트,MMORPG
8,9,(-),던전앤파이터,㈜넥슨코리아,벨트 스크롤 액션 RPG
9,10,(-),천하제일상 거상,㈜에이케이인터렉티브,MMORPG
10,11,(-),마인크래프트,엑스박스 게임 스튜디오,샌드박스
11,12,(+1),서든어택,㈜넥슨코리아,FPS
12,13,(+1),아키에이지,㈜엑스엘게임즈,판타지 RPG
13,14,(+1),블레이드앤소울,㈜엔씨소프트,MMORPG
14,15,(+1),사이퍼즈,㈜넥슨코리아,액션
15,16,(+3),콜 오브 듀티: 모던 워페어,"블리자드 엔터테인먼트, 액티비전",FPS
16,17,(-5),월드 오브 워크래프트,블리자드 엔터테인먼트,MMORPG
17,18,(+2),패스 오브 엑자일,㈜카카오게임즈,ARPG
18,19,(-2),리니지2,"블리자드 엔터테인먼트, 액티비전",FPS
19,20,(+1),아이온: 영원의 탑,㈜엔씨소프트,MMORPG
20,21,(+1),검은사막,㈜펄어비스,MMORPG
21,22,(+1),테일즈런너,㈜스마일게이트메가포트,레이싱
22,23,(+5),디아블로3,블리자드,롤플레잉
23,24,(-),피파 20,일렉트로닉 아츠,스포츠
24,25,(+2),바람의나라,㈜넥슨코리아,MMORPG
25,26,(-1),마비노기,㈜넥슨코리아,MMORPG
26,27,(-1),크레이지 아케이드 비엔비,㈜넥슨코리아,아케이드
27,28,(-10),레드 데드 리뎀션2,락스타 게임즈,오픈월드
28,29,(+1),테라,㈜넥슨코리아,MMORPG
29,30,(+2),엘소드,㈜넥슨코리아,횡스크롤 액션 MMORPG
30,31,(-2),스타크래프트: 브루드 워,블리자드 엔터테인먼트 코리아,RTS
31,32,(-1),몬스터헌터 월드,캡콤,액션 RPG
32,33,(+1),파이널 판타지 14,㈜액토즈소프트,MMORPG
33,34,(+5),디아블로2,블리자드 엔터테인먼트 코리아,RPG
34,35,(-2),데스티니 가디언즈,번지,액션 슈터
35,36,(-1),라테일,㈜액토즈소프트,MMORPG
36,37,(-),마구마구,넷마블㈜,스포츠
37,38,(+2),하스스톤,블리자드 엔터테인먼트,CCG
38,39,(-1),라그나로크 제로,(주)그라비티,RPG
39,40,(-4),마비노기 영웅전,㈜넥슨코리아,액션 RPG
0,1,(-),리그 오브 레전드,라이엇 게임즈,MOBA
1,2,(-),피파온라인4,㈜넥슨코리아,스포츠
2,3,(-),메이플스토리,㈜넥슨코리아,MMORPG
3,4,(+2),카트라이더,㈜넥슨코리아,레이싱
4,5,(-),로스트아크,㈜스마일게이트알피지,핵앤슬래시 MMORPG
5,6,(-2),배틀그라운드,펍지주식회사,서바이벌 슈팅
6,7,(-),오버워치,블리자드 엔터테인먼트,팀 기반 슈팅
7,8,(-),리니지,㈜엔씨소프트,MMORPG
8,9,(+3),서든어택,㈜넥슨코리아,FPS
9,10,(-1),던전앤파이터,㈜넥슨코리아,벨트 스크롤 액션 RPG
10,11,(-),마인크래프트,엑스박스 게임 스튜디오,샌드박스
11,12,(-2),천하제일상 거상,㈜에이케이인터렉티브,MMORPG
12,13,(+1),블레이드앤소울,㈜엔씨소프트,MMORPG
13,14,(-1),아키에이지,㈜엑스엘게임즈,판타지 RPG
14,15,(-),사이퍼즈,㈜넥슨코리아,액션
15,16,(+5),검은사막,㈜펄어비스,MMORPG
16,17,(+1),패스 오브 엑자일,㈜카카오게임즈,ARPG
17,18,(-2),콜 오브 듀티: 모던 워페어,"블리자드 엔터테인먼트, 액티비전",FPS
18,19,(+1),아이온: 영원의 탑,㈜엔씨소프트,MMORPG
19,20,(-1),리니지2,㈜엔씨소프트,MMORPG
20,21,(+1),테일즈런너,㈜스마일게이트메가포트,레이싱
21,22,(-5),월드 오브 워크래프트,블리자드 엔터테인먼트,MMORPG
22,23,(-),디아블로3,블리자드,롤플레잉
23,24,(NEW),이브 온라인,CCP,MMORPG
24,25,(+2),크레이지 아케이드 비엔비,㈜넥슨코리아,아케이드
25,26,(+2),레드 데드 리뎀션2,락스타 게임즈,오픈월드
26,27,(-2),바람의나라,㈜넥슨코리아,MMORPG
27,28,(+10),하스스톤,블리자드 엔터테인먼트,CCG
28,29,(-3),마비노기,㈜넥슨코리아,MMORPG
29,30,(-6),피파 20,일렉트로닉 아츠,스포츠
30,31,(-1),엘소드,㈜넥슨코리아,횡스크롤 액션 MMORPG
31,32,(-1),스타크래프트: 브루드 워,블리자드 엔터테인먼트 코리아,RTS
32,33,(-4),테라,㈜넥슨코리아,MMORPG
33,34,(-1),파이널 판타지 14,㈜액토즈소프트,MMORPG
34,35,(-3),몬스터헌터 월드,캡콤,액션 RPG
35,36,(-2),디아블로2,블리자드 엔터테인먼트 코리아,RPG
36,37,(-2),데스티니 가디언즈,번지,액션 슈터
37,38,(-2),라테일,㈜액토즈소프트,MMORPG
38,39,(+1),마비노기 영웅전,㈜넥슨코리아,액션 RPG
39,40,(-3),마구마구,넷마블㈜,스포츠
0,1,(-),리그 오브 레전드,라이엇 게임즈,MOBA
1,2,(-),피파온라인4,㈜넥슨코리아,스포츠
2,3,(-),메이플스토리,㈜넥슨코리아,MMORPG
3,4,(-),카트라이더,㈜넥슨코리아,레이싱
4,5,(-),로스트아크,㈜스마일게이트알피지,핵앤슬래시 MMORPG
5,6,(-),배틀그라운드,펍지주식회사,서바이벌 슈팅
6,7,(-),오버워치,블리자드 엔터테인먼트,팀 기반 슈팅
7,8,(+1),서든어택,㈜넥슨코리아,FPS
8,9,(+1),던전앤파이터,㈜넥슨코리아,벨트 스크롤 액션 RPG
9,10,(+1),마인크래프트,엑스박스 게임 스튜디오,샌드박스
10,11,(-3),리니지,㈜엔씨소프트,MMORPG
11,12,(-),천하제일상 거상,㈜에이케이인터렉티브,MMORPG
12,13,(+1),아키에이지,㈜엑스엘게임즈,판타지 RPG
13,14,(-1),블레이드앤소울,㈜엔씨소프트,MMORPG
14,15,(+1),검은사막,㈜펄어비스,MMORPG
15,16,(-1),사이퍼즈,㈜넥슨코리아,액션
16,17,(+3),리니지2,㈜엔씨소프트,MMORPG
17,18,(+4),월드 오브 워크래프트,블리자드 엔터테인먼트,MMORPG
18,19,(+2),테일즈런너,"블리자드 엔터테인먼트, 액티비전",FPS
19,20,(-3),패스 오브 엑자일,㈜카카오게임즈,ARPG
20,21,(-2),아이온: 영원의 탑,㈜엔씨소프트,MMORPG
21,22,(+1),디아블로3,블리자드,롤플레잉
22,23,(+1),이브 온라인,CCP,MMORPG
23,24,(+2),레드 데드 리뎀션2,락스타 게임즈,오픈월드
24,25,(+2),바람의나라,㈜넥슨코리아,MMORPG
25,26,(+3),마비노기,㈜넥슨코리아,MMORPG
26,27,(+3),피파 20,일렉트로닉 아츠,스포츠
27,28,(-10),콜 오브 듀티: 모던 워페어,"블리자드 엔터테인먼트, 액티비전",FPS
28,29,(-4),크레이지 아케이드 비엔비,㈜넥슨코리아,아케이드
29,30,(+1),엘소드,㈜넥슨코리아,횡스크롤 액션 MMORPG
30,31,(-3),하스스톤,블리자드 엔터테인먼트,CCG
31,32,(+2),파이널 판타지 14,㈜액토즈소프트,MMORPG
32,33,(-1),스타크래프트: 브루드 워,블리자드 엔터테인먼트 코리아,RTS
33,34,(-1),테라,㈜넥슨코리아,MMORPG
34,35,(-),몬스터헌터 월드,캡콤,액션 RPG
35,36,(-),디아블로2,블리자드 엔터테인먼트 코리아,RPG
36,37,(+2),마비노기 영웅전,㈜넥슨코리아,액션 RPG
37,38,(-),라테일,㈜액토즈소프트,MMORPG
38,39,(-2),데스티니 가디언즈,번지,액션 슈터
39,40,(NEW),클로저스,㈜넥슨코리아,벨트스크롤 액션
0,1,(-),리그 오브 레전드,라이엇 게임즈,MOBA
1,2,(-),피파온라인4,㈜넥슨코리아,스포츠
2,3,(-),메이플스토리,㈜넥슨코리아,MMORPG
3,4,(+1),로스트아크,㈜스마일게이트알피지,핵앤슬래시 MMORPG
4,5,(-1),카트라이더,㈜넥슨코리아,레이싱
5,6,(-),배틀그라운드,펍지주식회사,서바이벌 슈팅
6,7,(+1),서든어택,㈜넥슨코리아,FPS
7,8,(-1),오버워치,블리자드 엔터테인먼트,팀 기반 슈팅
8,9,(+1),마인크래프트,엑스박스 게임 스튜디오,샌드박스
9,10,(-1),던전앤파이터,㈜넥슨코리아,벨트 스크롤 액션 RPG
10,11,(-),리니지,㈜엔씨소프트,MMORPG
11,12,(-),천하제일상 거상,㈜에이케이인터렉티브,MMORPG
12,13,(-),아키에이지,㈜엑스엘게임즈,판타지 RPG
13,14,(+1),검은사막,㈜펄어비스,MMORPG
14,15,(-1),블레이드앤소울,㈜엔씨소프트,MMORPG
15,16,(-),사이퍼즈,㈜넥슨코리아,액션
16,17,(-),리니지2,㈜엔씨소프트,MMORPG
17,18,(-),월드 오브 워크래프트,블리자드 엔터테인먼트,MMORPG
18,19,(-),테일즈런너,"블리자드 엔터테인먼트, 액티비전",FPS
19,20,(-),패스 오브 엑자일,㈜카카오게임즈,ARPG
20,21,(-),아이온: 영원의 탑,㈜엔씨소프트,MMORPG
21,22,(+1),이브 온라인,CCP,MMORPG
22,23,(-1),디아블로3,블리자드,롤플레잉
23,24,(+8),파이널 판타지 14,㈜액토즈소프트,MMORPG
24,25,(+1),마비노기,㈜넥슨코리아,MMORPG
25,26,(-1),바람의나라,㈜넥슨코리아,MMORPG
26,27,(+7),테라,㈜넥슨코리아,MMORPG
27,28,(+2),엘소드,㈜넥슨코리아,횡스크롤 액션 MMORPG
28,29,(+2),하스스톤,블리자드 엔터테인먼트,CCG
29,30,(-3),피파 20,일렉트로닉 아츠,스포츠
30,31,(-7),레드 데드 리뎀션2,락스타 게임즈,오픈월드
31,32,(+1),스타크래프트: 브루드 워,블리자드 엔터테인먼트 코리아,RTS
32,33,(+2),몬스터헌터 월드,캡콤,액션 RPG
33,34,(+6),클로저스,㈜넥슨코리아,벨트스크롤 액션
34,35,(+2),마비노기 영웅전,㈜넥슨코리아,액션 RPG
35,36,(-8),콜 오브 듀티: 모던 워페어,"블리자드 엔터테인먼트, 액티비전",FPS
36,37,(+1),라테일,㈜액토즈소프트,MMORPG
37,38,(-2),디아블로2,블리자드 엔터테인먼트 코리아,RPG
38,39,(-),데스티니 가디언즈,번지,액션 슈터
39,40,(NEW),소울워커,(주)스마일게이트 메가포트,액션 RPG
0,1,(-),리그 오브 레전드,라이엇 게임즈,MOBA
1,2,(-),피파온라인4,㈜넥슨코리아,스포츠
2,3,(-),메이플스토리,㈜넥슨코리아,MMORPG
3,4,(-),로스트아크,㈜스마일게이트알피지,핵앤슬래시 MMORPG
4,5,(-),카트라이더,㈜넥슨코리아,레이싱
5,6,(+1),서든어택,㈜넥슨코리아,FPS
6,7,(+2),마인크래프트,엑스박스 게임 스튜디오,샌드박스
7,8,(+2),던전앤파이터,㈜넥슨코리아,벨트 스크롤 액션 RPG
8,9,(-1),오버워치,블리자드 엔터테인먼트,팀 기반 슈팅
9,10,(-4),배틀그라운드,펍지주식회사,서바이벌 슈팅
10,11,(+1),천하제일상 거상,㈜에이케이인터렉티브,MMORPG
11,12,(-1),리니지,㈜엔씨소프트,MMORPG
12,13,(+7),패스 오브 엑자일,㈜카카오게임즈,ARPG
13,14,(-),검은사막,㈜펄어비스,MMORPG
14,15,(-2),아키에이지,㈜엑스엘게임즈,판타지 RPG
15,16,(-1),블레이드앤소울,㈜엔씨소프트,MMORPG
16,17,(-1),사이퍼즈,㈜넥슨코리아,액션
17,18,(+1),테일즈런너,㈜스마일게이트메가포트,레이싱
18,19,(-2),리니지2,"블리자드 엔터테인먼트, 액티비전",FPS
19,20,(-2),월드 오브 워크래프트,블리자드 엔터테인먼트,MMORPG
20,21,(-),아이온: 영원의 탑,㈜엔씨소프트,MMORPG
21,22,(+2),파이널 판타지 14,㈜액토즈소프트,MMORPG
22,23,(+3),바람의나라,㈜넥슨코리아,MMORPG
23,24,(+1),마비노기,㈜넥슨코리아,MMORPG
24,25,(-2),디아블로3,블리자드,롤플레잉
25,26,(+2),엘소드,㈜넥슨코리아,횡스크롤 액션 MMORPG
26,27,(-),테라,㈜넥슨코리아,MMORPG
27,28,(+1),하스스톤,블리자드 엔터테인먼트,CCG
28,29,(+1),피파 20,일렉트로닉 아츠,스포츠
29,30,(+4),클로저스,㈜넥슨코리아,벨트스크롤 액션
30,31,(NEW),크레이지 아케이드 비엔비,㈜넥슨코리아,아케이드
31,32,(-),스타크래프트: 브루드 워,블리자드 엔터테인먼트 코리아,RTS
32,33,(-2),레드 데드 리뎀션2,락스타 게임즈,오픈월드
33,34,(-1),몬스터헌터 월드,캡콤,액션 RPG
34,35,(-),마비노기 영웅전,㈜넥슨코리아,액션 RPG
35,36,(-),콜 오브 듀티: 모던 워페어,"블리자드 엔터테인먼트, 액티비전",FPS
36,37,(-15),이브 온라인,CCP,MMORPG
37,38,(-1),라테일,㈜액토즈소프트,MMORPG
38,39,(+1),소울워커,(주)스마일게이트 메가포트,액션 RPG
39,40,(NEW),로스트사가,(주)위메이드,액션
0,1,(-),리그 오브 레전드,라이엇 게임즈,MOBA
1,2,(-),피파온라인4,㈜넥슨코리아,스포츠
2,3,(-),메이플스토리,㈜넥슨코리아,MMORPG
3,4,(-),로스트아크,㈜스마일게이트알피지,핵앤슬래시 MMORPG
4,5,(-),카트라이더,㈜넥슨코리아,레이싱
5,6,(+4),배틀그라운드,펍지주식회사,서바이벌 슈팅
6,7,(+1),던전앤파이터,㈜넥슨코리아,벨트 스크롤 액션 RPG
7,8,(-1),마인크래프트,엑스박스 게임 스튜디오,샌드박스
8,9,(+2),천하제일상 거상,㈜에이케이인터렉티브,MMORPG
9,10,(+3),패스 오브 엑자일,㈜카카오게임즈,ARPG
10,11,(-2),오버워치,블리자드 엔터테인먼트,팀 기반 슈팅
11,12,(-6),서든어택,㈜넥슨코리아,FPS
12,13,(-1),리니지,㈜엔씨소프트,MMORPG
13,14,(+1),아키에이지,㈜엑스엘게임즈,판타지 RPG
14,15,(-1),검은사막,㈜펄어비스,MMORPG
15,16,(-),블레이드앤소울,㈜엔씨소프트,MMORPG
16,17,(+1),테일즈런너,㈜스마일게이트메가포트,레이싱
17,18,(-1),사이퍼즈,㈜넥슨코리아,액션
18,19,(-),리니지2,"블리자드 엔터테인먼트, 액티비전",FPS
19,20,(-),월드 오브 워크래프트,블리자드 엔터테인먼트,MMORPG
20,21,(+1),파이널 판타지 14,㈜액토즈소프트,MMORPG
21,22,(-1),아이온: 영원의 탑,㈜엔씨소프트,MMORPG
22,23,(-),바람의나라,㈜넥슨코리아,MMORPG
23,24,(+2),엘소드,㈜넥슨코리아,횡스크롤 액션 MMORPG
24,25,(+6),크레이지 아케이드 비엔비,㈜넥슨코리아,아케이드
25,26,(-2),마비노기,㈜넥슨코리아,MMORPG
26,27,(-),테라,㈜넥슨코리아,MMORPG
27,28,(+2),클로저스,㈜넥슨코리아,벨트스크롤 액션
28,29,(-1),하스스톤,블리자드 엔터테인먼트,CCG
29,30,(-5),디아블로3,블리자드,롤플레잉
30,31,(+1),스타크래프트: 브루드 워,블리자드 엔터테인먼트 코리아,RTS
31,32,(-3),피파 20,일렉트로닉 아츠,스포츠
32,33,(+1),몬스터헌터 월드,캡콤,액션 RPG
33,34,(-1),레드 데드 리뎀션2,락스타 게임즈,오픈월드
34,35,(-),마비노기 영웅전,㈜넥슨코리아,액션 RPG
35,36,(+2),라테일,㈜액토즈소프트,MMORPG
36,37,(+2),소울워커,(주)스마일게이트 메가포트,액션 RPG
37,38,(-2),콜 오브 듀티: 모던 워페어,"블리자드 엔터테인먼트, 액티비전",FPS
38,39,(NEW),포트나이트,에픽게임즈,빌딩 서바이벌 배틀로얄
39,40,(-),로스트사가,(주)위메이드,액션
0,1,(-),리그 오브 레전드,라이엇 게임즈,MOBA
1,2,(-),피파온라인4,㈜넥슨코리아,스포츠
2,3,(-),메이플스토리,㈜넥슨코리아,MMORPG
3,4,(-),로스트아크,㈜스마일게이트알피지,핵앤슬래시 MMORPG
4,5,(+1),배틀그라운드,펍지주식회사,서바이벌 슈팅
5,6,(-1),카트라이더,㈜넥슨코리아,레이싱
6,7,(-),던전앤파이터,㈜넥슨코리아,벨트 스크롤 액션 RPG
7,8,(-),마인크래프트,엑스박스 게임 스튜디오,샌드박스
8,9,(+1),패스 오브 엑자일,㈜카카오게임즈,ARPG
9,10,(-1),천하제일상 거상,㈜에이케이인터렉티브,MMORPG
10,11,(-),오버워치,블리자드 엔터테인먼트,팀 기반 슈팅
11,12,(-),서든어택,㈜넥슨코리아,FPS
12,13,(+1),아키에이지,㈜엑스엘게임즈,판타지 RPG
13,14,(+1),검은사막,㈜펄어비스,MMORPG
14,15,(+1),블레이드앤소울,㈜엔씨소프트,MMORPG
15,16,(-3),리니지,㈜엔씨소프트,MMORPG
16,17,(-),테일즈런너,㈜스마일게이트메가포트,레이싱
17,18,(-),사이퍼즈,㈜넥슨코리아,액션
18,19,(+2),파이널 판타지 14,"블리자드 엔터테인먼트, 액티비전",FPS
19,20,(-),월드 오브 워크래프트,블리자드 엔터테인먼트,MMORPG
20,21,(+3),엘소드,㈜넥슨코리아,횡스크롤 액션 MMORPG
21,22,(+1),바람의나라,㈜넥슨코리아,MMORPG
22,23,(-1),아이온: 영원의 탑,㈜엔씨소프트,MMORPG
23,24,(-5),리니지2,㈜엔씨소프트,MMORPG
24,25,(-),크레이지 아케이드 비엔비,㈜넥슨코리아,아케이드
25,26,(-),마비노기,㈜넥슨코리아,MMORPG
26,27,(-),테라,㈜넥슨코리아,MMORPG
27,28,(-),클로저스,㈜넥슨코리아,벨트스크롤 액션
28,29,(+4),몬스터헌터 월드,캡콤,액션 RPG
29,30,(+1),스타크래프트: 브루드 워,블리자드 엔터테인먼트 코리아,RTS
30,31,(+6),소울워커,(주)스마일게이트 메가포트,액션 RPG
31,32,(-3),하스스톤,블리자드 엔터테인먼트,CCG
32,33,(-1),피파 20,일렉트로닉 아츠,스포츠
33,34,(+2),라테일,㈜액토즈소프트,MMORPG
34,35,(-),마비노기 영웅전,㈜넥슨코리아,액션 RPG
35,36,(-2),레드 데드 리뎀션2,락스타 게임즈,오픈월드
36,37,(-7),디아블로3,블리자드,롤플레잉
37,38,(+1),포트나이트,에픽게임즈,빌딩 서바이벌 배틀로얄
38,39,(-1),콜 오브 듀티: 모던 워페어,"블리자드 엔터테인먼트, 액티비전",FPS
39,40,(-),로스트사가,(주)위메이드,액션
0,1,(-),리그 오브 레전드,라이엇 게임즈,MOBA
1,2,(+1),메이플스토리,㈜넥슨코리아,MMORPG
2,3,(-1),피파온라인4,㈜넥슨코리아,스포츠
3,4,(+2),카트라이더,㈜넥슨코리아,레이싱
4,5,(-1),로스트아크,㈜스마일게이트알피지,핵앤슬래시 MMORPG
5,6,(-1),배틀그라운드,펍지주식회사,서바이벌 슈팅
6,7,(-),던전앤파이터,㈜넥슨코리아,벨트 스크롤 액션 RPG
7,8,(-),마인크래프트,엑스박스 게임 스튜디오,샌드박스
8,9,(+2),오버워치,블리자드 엔터테인먼트,팀 기반 슈팅
9,10,(+2),서든어택,㈜넥슨코리아,FPS
10,11,(-1),천하제일상 거상,㈜에이케이인터렉티브,MMORPG
11,12,(-3),패스 오브 엑자일,㈜카카오게임즈,ARPG
12,13,(-),아키에이지,㈜엑스엘게임즈,판타지 RPG
13,14,(-),검은사막,㈜펄어비스,MMORPG
14,15,(-),블레이드앤소울,㈜엔씨소프트,MMORPG
15,16,(-),리니지,㈜엔씨소프트,MMORPG
16,17,(-),테일즈런너,㈜스마일게이트메가포트,레이싱
17,18,(-),사이퍼즈,㈜넥슨코리아,액션
18,19,(+2),엘소드,"블리자드 엔터테인먼트, 액티비전",FPS
19,20,(+2),바람의나라,㈜넥슨코리아,MMORPG
20,21,(-2),파이널 판타지 14,㈜액토즈소프트,MMORPG
21,22,(NEW),더 위쳐,씨디 프로젝트 레드,액션 RPG
22,23,(+2),크레이지 아케이드 비엔비,㈜넥슨코리아,아케이드
23,24,(-1),아이온: 영원의 탑,㈜엔씨소프트,MMORPG
24,25,(-5),월드 오브 워크래프트,블리자드 엔터테인먼트,MMORPG
25,26,(-2),리니지2,㈜엔씨소프트,MMORPG
26,27,(-1),마비노기,㈜넥슨코리아,MMORPG
27,28,(-),클로저스,㈜넥슨코리아,벨트스크롤 액션
28,29,(+2),소울워커,(주)스마일게이트 메가포트,액션 RPG
29,30,(+6),레드 데드 리뎀션2,락스타 게임즈,오픈월드
30,31,(-4),테라,㈜넥슨코리아,MMORPG
31,32,(+2),라테일,㈜액토즈소프트,MMORPG
32,33,(-3),스타크래프트: 브루드 워,블리자드 엔터테인먼트 코리아,RTS
33,34,(+1),마비노기 영웅전,㈜넥슨코리아,액션 RPG
34,35,(-6),몬스터헌터 월드,캡콤,액션 RPG
35,36,(-3),피파 20,일렉트로닉 아츠,스포츠
36,37,(-),디아블로3,블리자드,롤플레잉
37,38,(-6),하스스톤,블리자드 엔터테인먼트,CCG
38,39,(-1),포트나이트,에픽게임즈,빌딩 서바이벌 배틀로얄
39,40,(-1),콜 오브 듀티: 모던 워페어,"블리자드 엔터테인먼트, 액티비전",FPS
0,1,(-),리그 오브 레전드,라이엇 게임즈,MOBA
1,2,(-),메이플스토리,㈜넥슨코리아,MMORPG
2,3,(-),피파온라인4,㈜넥슨코리아,스포츠
3,4,(+3),던전앤파이터,㈜넥슨코리아,벨트 스크롤 액션 RPG
4,5,(-),로스트아크,㈜스마일게이트알피지,핵앤슬래시 MMORPG
5,6,(-),배틀그라운드,펍지주식회사,서바이벌 슈팅
6,7,(-3),카트라이더,㈜넥슨코리아,레이싱
7,8,(-),마인크래프트,엑스박스 게임 스튜디오,샌드박스
8,9,(-),오버워치,블리자드 엔터테인먼트,팀 기반 슈팅
9,10,(+3),아키에이지,㈜엑스엘게임즈,판타지 RPG
10,11,(-1),서든어택,㈜넥슨코리아,FPS
11,12,(-1),천하제일상 거상,㈜에이케이인터렉티브,MMORPG
12,13,(-1),패스 오브 엑자일,㈜카카오게임즈,ARPG
13,14,(-),검은사막,㈜펄어비스,MMORPG
14,15,(-),블레이드앤소울,㈜엔씨소프트,MMORPG
15,16,(+1),테일즈런너,㈜스마일게이트메가포트,레이싱
16,17,(+1),사이퍼즈,㈜넥슨코리아,액션
17,18,(-2),리니지,㈜엔씨소프트,MMORPG
18,19,(+3),더 위쳐,"블리자드 엔터테인먼트, 액티비전",FPS
19,20,(-),바람의나라,㈜넥슨코리아,MMORPG
20,21,(-2),엘소드,㈜넥슨코리아,횡스크롤 액션 MMORPG
21,22,(+1),크레이지 아케이드 비엔비,㈜넥슨코리아,아케이드
22,23,(-2),파이널 판타지 14,㈜액토즈소프트,MMORPG
23,24,(-),아이온: 영원의 탑,㈜엔씨소프트,MMORPG
24,25,(+2),마비노기,㈜넥슨코리아,MMORPG
25,26,(-1),월드 오브 워크래프트,블리자드 엔터테인먼트,MMORPG
26,27,(-1),리니지2,㈜엔씨소프트,MMORPG
27,28,(+7),몬스터헌터 월드,캡콤,액션 RPG
28,29,(-),소울워커,(주)스마일게이트 메가포트,액션 RPG
29,30,(+4),마비노기 영웅전,㈜넥슨코리아,액션 RPG
30,31,(+1),라테일,㈜액토즈소프트,MMORPG
31,32,(+1),스타크래프트: 브루드 워,블리자드 엔터테인먼트 코리아,RTS
32,33,(-2),테라,㈜넥슨코리아,MMORPG
33,34,(-4),레드 데드 리뎀션2,락스타 게임즈,오픈월드
34,35,(-7),클로저스,㈜넥슨코리아,벨트스크롤 액션
35,36,(-),피파 20,일렉트로닉 아츠,스포츠
36,37,(+2),포트나이트,에픽게임즈,빌딩 서바이벌 배틀로얄
37,38,(-1),디아블로3,블리자드,롤플레잉
38,39,(NEW),디아블로2,블리자드 엔터테인먼트 코리아,RPG
39,40,(NEW),더 위쳐 3: 와일드 헌트,씨디 프로젝트 레드,액션 롤플레잉
0,1,(-),리그 오브 레전드,라이엇 게임즈,MOBA
1,2,(-),메이플스토리,㈜넥슨코리아,MMORPG
2,3,(-),피파온라인4,㈜넥슨코리아,스포츠
3,4,(-),던전앤파이터,㈜넥슨코리아,벨트 스크롤 액션 RPG
4,5,(-),로스트아크,㈜스마일게이트알피지,핵앤슬래시 MMORPG
5,6,(-),배틀그라운드,펍지주식회사,서바이벌 슈팅
6,7,(-),카트라이더,㈜넥슨코리아,레이싱
7,8,(-),마인크래프트,엑스박스 게임 스튜디오,샌드박스
8,9,(+1),아키에이지,㈜엑스엘게임즈,판타지 RPG
9,10,(-1),오버워치,블리자드 엔터테인먼트,팀 기반 슈팅
10,11,(-),서든어택,㈜넥슨코리아,FPS
11,12,(-),천하제일상 거상,㈜에이케이인터렉티브,MMORPG
12,13,(+1),검은사막,㈜펄어비스,MMORPG
13,14,(+3),사이퍼즈,㈜넥슨코리아,액션
14,15,(+1),테일즈런너,㈜스마일게이트메가포트,레이싱
15,16,(-1),블레이드앤소울,㈜엔씨소프트,MMORPG
16,17,(-4),패스 오브 엑자일,㈜카카오게임즈,ARPG
17,18,(-),리니지,㈜엔씨소프트,MMORPG
18,19,(-),더 위쳐,"블리자드 엔터테인먼트, 액티비전",FPS
19,20,(+1),엘소드,㈜넥슨코리아,횡스크롤 액션 MMORPG
20,21,(-1),바람의나라,㈜넥슨코리아,MMORPG
21,22,(NEW),삼국지14,코에이 테크모 게임즈,시뮬레이션
22,23,(+5),몬스터헌터 월드,캡콤,액션 RPG
23,24,(-2),크레이지 아케이드 비엔비,㈜넥슨코리아,아케이드
24,25,(-1),아이온: 영원의 탑,㈜엔씨소프트,MMORPG
25,26,(-),월드 오브 워크래프트,블리자드 엔터테인먼트,MMORPG
26,27,(-4),파이널 판타지 14,㈜액토즈소프트,MMORPG
27,28,(-3),마비노기,㈜넥슨코리아,MMORPG
28,29,(+1),마비노기 영웅전,㈜넥슨코리아,액션 RPG
29,30,(-3),리니지2,㈜엔씨소프트,MMORPG
30,31,(-2),소울워커,(주)스마일게이트 메가포트,액션 RPG
31,32,(-1),라테일,㈜액토즈소프트,MMORPG
32,33,(-1),스타크래프트: 브루드 워,블리자드 엔터테인먼트 코리아,RTS
33,34,(-1),테라,㈜넥슨코리아,MMORPG
34,35,(-),클로저스,㈜넥슨코리아,벨트스크롤 액션
35,36,(-),피파 20,일렉트로닉 아츠,스포츠
36,37,(+1),디아블로3,블리자드,롤플레잉
37,38,(-1),포트나이트,에픽게임즈,빌딩 서바이벌 배틀로얄
38,39,(-),디아블로2,블리자드 엔터테인먼트 코리아,RPG
39,40,(NEW),스페셜포스,㈜드래곤플라이,FPS
0,1,(-),리그 오브 레전드,라이엇 게임즈,MOBA
1,2,(+1),피파온라인4,㈜넥슨코리아,스포츠
2,3,(-1),메이플스토리,㈜넥슨코리아,MMORPG
3,4,(-),던전앤파이터,㈜넥슨코리아,벨트 스크롤 액션 RPG
4,5,(+1),배틀그라운드,펍지주식회사,서바이벌 슈팅
5,6,(-1),로스트아크,㈜스마일게이트알피지,핵앤슬래시 MMORPG
6,7,(-),카트라이더,㈜넥슨코리아,레이싱
7,8,(-),마인크래프트,엑스박스 게임 스튜디오,샌드박스
8,9,(-),아키에이지,㈜엑스엘게임즈,판타지 RPG
9,10,(-),오버워치,블리자드 엔터테인먼트,팀 기반 슈팅
10,11,(-),서든어택,㈜넥슨코리아,FPS
11,12,(-),천하제일상 거상,㈜에이케이인터렉티브,MMORPG
12,13,(+2),테일즈런너,㈜스마일게이트메가포트,레이싱
13,14,(-),사이퍼즈,㈜넥슨코리아,액션
14,15,(+3),리니지,㈜엔씨소프트,MMORPG
15,16,(-),블레이드앤소울,㈜엔씨소프트,MMORPG
16,17,(-4),검은사막,㈜펄어비스,MMORPG
17,18,(-1),패스 오브 엑자일,㈜카카오게임즈,ARPG
18,19,(+3),삼국지14,코에이 테크모 게임즈,시뮬레이션
19,20,(+3),몬스터헌터 월드,캡콤,액션 RPG
20,21,(-),바람의나라,㈜넥슨코리아,MMORPG
21,22,(-2),엘소드,㈜넥슨코리아,횡스크롤 액션 MMORPG
22,23,(+2),아이온: 영원의 탑,㈜엔씨소프트,MMORPG
23,24,(+4),마비노기,㈜넥슨코리아,MMORPG
24,25,(-1),크레이지 아케이드 비엔비,㈜넥슨코리아,아케이드
25,26,(NEW),레전드 오브 룬테라,라이엇 게임즈,카드 전략
26,27,(-),파이널 판타지 14,㈜액토즈소프트,MMORPG
27,28,(+1),마비노기 영웅전,㈜넥슨코리아,액션 RPG
28,29,(-10),더 위쳐,씨디 프로젝트 레드,액션 RPG
29,30,(-),리니지2,㈜엔씨소프트,MMORPG
30,31,(+2),스타크래프트: 브루드 워,블리자드 엔터테인먼트 코리아,RTS
31,32,(-),라테일,㈜액토즈소프트,MMORPG
32,33,(-7),월드 오브 워크래프트,블리자드 엔터테인먼트,MMORPG
33,34,(-),테라,㈜넥슨코리아,MMORPG
34,35,(-4),소울워커,(주)스마일게이트 메가포트,액션 RPG
35,36,(-1),클로저스,㈜넥슨코리아,벨트스크롤 액션
36,37,(+3),스페셜포스,㈜드래곤플라이,FPS
37,38,(-2),피파 20,일렉트로닉 아츠,스포츠
38,39,(-1),포트나이트,에픽게임즈,빌딩 서바이벌 배틀로얄
39,40,(-3),디아블로3,블리자드,롤플레잉
0,1,(-),리그 오브 레전드,라이엇 게임즈,MOBA
1,2,(-),피파온라인4,㈜넥슨코리아,스포츠
2,3,(-),메이플스토리,㈜넥슨코리아,MMORPG
3,4,(-),던전앤파이터,㈜넥슨코리아,벨트 스크롤 액션 RPG
4,5,(-),배틀그라운드,펍지주식회사,서바이벌 슈팅
5,6,(-),로스트아크,㈜스마일게이트알피지,핵앤슬래시 MMORPG
6,7,(-),카트라이더,㈜넥슨코리아,레이싱
7,8,(-),마인크래프트,엑스박스 게임 스튜디오,샌드박스
8,9,(-),아키에이지,㈜엑스엘게임즈,판타지 RPG
9,10,(+1),서든어택,㈜넥슨코리아,FPS
10,11,(-1),오버워치,블리자드 엔터테인먼트,팀 기반 슈팅
11,12,(-),천하제일상 거상,㈜에이케이인터렉티브,MMORPG
12,13,(-),테일즈런너,㈜스마일게이트메가포트,레이싱
13,14,(-),사이퍼즈,㈜넥슨코리아,액션
14,15,(-),리니지,㈜엔씨소프트,MMORPG
15,16,(-),블레이드앤소울,㈜엔씨소프트,MMORPG
16,17,(+9),레전드 오브 룬테라,라이엇 게임즈,카드 전략
17,18,(-1),검은사막,㈜펄어비스,MMORPG
18,19,(-),삼국지14,코에이 테크모 게임즈,시뮬레이션
19,20,(-2),패스 오브 엑자일,㈜카카오게임즈,ARPG
20,21,(-1),몬스터헌터 월드,캡콤,액션 RPG
21,22,(+3),크레이지 아케이드 비엔비,㈜넥슨코리아,아케이드
22,23,(-2),바람의나라,㈜넥슨코리아,MMORPG
23,24,(-1),아이온: 영원의 탑,㈜엔씨소프트,MMORPG
24,25,(-3),엘소드,㈜넥슨코리아,횡스크롤 액션 MMORPG
25,26,(-2),마비노기,㈜넥슨코리아,MMORPG
26,27,(+1),마비노기 영웅전,㈜넥슨코리아,액션 RPG
27,28,(+5),월드 오브 워크래프트,블리자드 엔터테인먼트,MMORPG
28,29,(-2),파이널 판타지 14,㈜액토즈소프트,MMORPG
29,30,(-),리니지2,㈜엔씨소프트,MMORPG
30,31,(NEW),워크래프트3,블리자드 엔터테인먼트 코리아,실시간 전략 시뮬레이션
31,32,(-1),스타크래프트: 브루드 워,블리자드 엔터테인먼트 코리아,RTS
32,33,(-1),라테일,㈜액토즈소프트,MMORPG
33,34,(-),테라,㈜넥슨코리아,MMORPG
34,35,(+2),스페셜포스,㈜드래곤플라이,FPS
35,36,(-1),소울워커,(주)스마일게이트 메가포트,액션 RPG
36,37,(NEW),콜 오브 듀티: 모던 워페어,"블리자드 엔터테인먼트, 액티비전",FPS
37,38,(-2),클로저스,㈜넥슨코리아,벨트스크롤 액션
38,39,(+1),디아블로3,블리자드,롤플레잉
39,40,(-11),더 위쳐,씨디 프로젝트 레드,액션 RPG
0,1,(-),리그 오브 레전드,라이엇 게임즈,MOBA
1,2,(+1),메이플스토리,㈜넥슨코리아,MMORPG
2,3,(-1),피파온라인4,㈜넥슨코리아,스포츠
3,4,(+1),배틀그라운드,펍지주식회사,서바이벌 슈팅
4,5,(-1),던전앤파이터,㈜넥슨코리아,벨트 스크롤 액션 RPG
5,6,(-),로스트아크,㈜스마일게이트알피지,핵앤슬래시 MMORPG
6,7,(-),카트라이더,㈜넥슨코리아,레이싱
7,8,(-),마인크래프트,엑스박스 게임 스튜디오,샌드박스
8,9,(-),아키에이지,㈜엑스엘게임즈,판타지 RPG
9,10,(-),서든어택,㈜넥슨코리아,FPS
10,11,(-),오버워치,블리자드 엔터테인먼트,팀 기반 슈팅
11,12,(-),천하제일상 거상,㈜에이케이인터렉티브,MMORPG
12,13,(-),테일즈런너,㈜스마일게이트메가포트,레이싱
13,14,(-),사이퍼즈,㈜넥슨코리아,액션
14,15,(+2),레전드 오브 룬테라,라이엇 게임즈,카드 전략
15,16,(-1),리니지,㈜엔씨소프트,MMORPG
16,17,(-1),블레이드앤소울,㈜엔씨소프트,MMORPG
17,18,(-),검은사막,㈜펄어비스,MMORPG
18,19,(-),삼국지14,코에이 테크모 게임즈,시뮬레이션
19,20,(-),패스 오브 엑자일,㈜카카오게임즈,ARPG
20,21,(-),몬스터헌터 월드,캡콤,액션 RPG
21,22,(-),크레이지 아케이드 비엔비,㈜넥슨코리아,아케이드
22,23,(+1),아이온: 영원의 탑,㈜엔씨소프트,MMORPG
23,24,(-1),바람의나라,㈜넥슨코리아,MMORPG
24,25,(NEW),GTA5,락스타 게임즈,오픈월드 범죄 액션
25,26,(+2),월드 오브 워크래프트,블리자드 엔터테인먼트,MMORPG
26,27,(-2),엘소드,㈜넥슨코리아,횡스크롤 액션 MMORPG
27,28,(-),워크래프트3,블리자드 엔터테인먼트 코리아,실시간 전략 시뮬레이션
28,29,(NEW),스타듀 밸리,처클피시,전원 생활 시뮬레이션
29,30,(-3),마비노기 영웅전,㈜넥슨코리아,액션 RPG
30,31,(-2),파이널 판타지 14,㈜액토즈소프트,MMORPG
31,32,(-2),리니지2,㈜엔씨소프트,MMORPG
32,33,(-7),마비노기,㈜넥슨코리아,MMORPG
33,34,(-2),스타크래프트: 브루드 워,블리자드 엔터테인먼트 코리아,RTS
34,35,(-1),테라,㈜넥슨코리아,MMORPG
35,36,(-3),라테일,㈜액토즈소프트,MMORPG
36,37,(-),콜 오브 듀티: 모던 워페어,"블리자드 엔터테인먼트, 액티비전",FPS
37,38,(-3),스페셜포스,㈜드래곤플라이,FPS
38,39,(-),디아블로3,블리자드,롤플레잉
39,40,(-2),클로저스,㈜넥슨코리아,벨트스크롤 액션
0,1,(-),리그 오브 레전드,라이엇 게임즈,MOBA
1,2,(-),메이플스토리,㈜넥슨코리아,MMORPG
2,3,(-),피파온라인4,㈜넥슨코리아,스포츠
3,4,(-),배틀그라운드,펍지주식회사,서바이벌 슈팅
4,5,(-),던전앤파이터,㈜넥슨코리아,벨트 스크롤 액션 RPG
5,6,(+2),마인크래프트,엑스박스 게임 스튜디오,샌드박스
6,7,(-),카트라이더,㈜넥슨코리아,레이싱
7,8,(-2),로스트아크,㈜스마일게이트알피지,핵앤슬래시 MMORPG
8,9,(-),아키에이지,㈜엑스엘게임즈,판타지 RPG
9,10,(-),서든어택,㈜넥슨코리아,FPS
10,11,(-),오버워치,블리자드 엔터테인먼트,팀 기반 슈팅
11,12,(-),천하제일상 거상,㈜에이케이인터렉티브,MMORPG
12,13,(+2),레전드 오브 룬테라,라이엇 게임즈,카드 전략
13,14,(-),사이퍼즈,㈜넥슨코리아,액션
14,15,(-2),테일즈런너,㈜스마일게이트메가포트,레이싱
15,16,(-),리니지,㈜엔씨소프트,MMORPG
16,17,(-),블레이드앤소울,㈜엔씨소프트,MMORPG
17,18,(-),검은사막,㈜펄어비스,MMORPG
18,19,(+1),패스 오브 엑자일,㈜카카오게임즈,ARPG
19,20,(+2),크레이지 아케이드 비엔비,㈜넥슨코리아,아케이드
20,21,(+2),아이온: 영원의 탑,㈜엔씨소프트,MMORPG
21,22,(+3),GTA5,락스타 게임즈,오픈월드 범죄 액션
22,23,(+1),바람의나라,㈜넥슨코리아,MMORPG
23,24,(-3),몬스터헌터 월드,캡콤,액션 RPG
24,25,(+1),월드 오브 워크래프트,블리자드 엔터테인먼트,MMORPG
25,26,(+2),워크래프트3,블리자드 엔터테인먼트 코리아,실시간 전략 시뮬레이션
26,27,(+2),스타듀 밸리,처클피시,전원 생활 시뮬레이션
27,28,(-1),엘소드,㈜넥슨코리아,횡스크롤 액션 MMORPG
28,29,(+2),파이널 판타지 14,㈜액토즈소프트,MMORPG
29,30,(-11),삼국지14,코에이 테크모 게임즈,시뮬레이션
30,31,(-1),마비노기 영웅전,㈜넥슨코리아,액션 RPG
31,32,(-),리니지2,㈜엔씨소프트,MMORPG
32,33,(-),마비노기,㈜넥슨코리아,MMORPG
33,34,(-),스타크래프트: 브루드 워,블리자드 엔터테인먼트 코리아,RTS
34,35,(+2),콜 오브 듀티: 모던 워페어,"블리자드 엔터테인먼트, 액티비전",FPS
35,36,(-1),테라,㈜넥슨코리아,MMORPG
36,37,(-1),라테일,㈜액토즈소프트,MMORPG
37,38,(-),스페셜포스,㈜드래곤플라이,FPS
38,39,(-),디아블로3,블리자드,롤플레잉
39,40,(NEW),포트나이트,에픽게임즈,빌딩 서바이벌 배틀로얄
0,1,(-),리그 오브 레전드,라이엇 게임즈,MOBA
1,2,(-),메이플스토리,㈜넥슨코리아,MMORPG
2,3,(-),피파온라인4,㈜넥슨코리아,스포츠
3,4,(-),배틀그라운드,펍지주식회사,서바이벌 슈팅
4,5,(-),던전앤파이터,㈜넥슨코리아,벨트 스크롤 액션 RPG
5,6,(-),마인크래프트,엑스박스 게임 스튜디오,샌드박스
6,7,(-),카트라이더,㈜넥슨코리아,레이싱
7,8,(-),로스트아크,㈜스마일게이트알피지,핵앤슬래시 MMORPG
8,9,(-),아키에이지,㈜엑스엘게임즈,판타지 RPG
9,10,(-),서든어택,㈜넥슨코리아,FPS
10,11,(-),오버워치,블리자드 엔터테인먼트,팀 기반 슈팅
11,12,(-),천하제일상 거상,㈜에이케이인터렉티브,MMORPG
12,13,(+1),사이퍼즈,㈜넥슨코리아,액션
13,14,(+1),테일즈런너,㈜스마일게이트메가포트,레이싱
14,15,(+2),블레이드앤소울,㈜엔씨소프트,MMORPG
15,16,(-),리니지,㈜엔씨소프트,MMORPG
16,17,(-4),레전드 오브 룬테라,라이엇 게임즈,카드 전략
17,18,(-),검은사막,㈜펄어비스,MMORPG
18,19,(+5),몬스터헌터 월드,캡콤,액션 RPG
19,20,(-1),패스 오브 엑자일,㈜카카오게임즈,ARPG
20,21,(-),아이온: 영원의 탑,㈜엔씨소프트,MMORPG
21,22,(-),GTA5,락스타 게임즈,오픈월드 범죄 액션
22,23,(-),바람의나라,㈜넥슨코리아,MMORPG
23,24,(+1),월드 오브 워크래프트,블리자드 엔터테인먼트,MMORPG
24,25,(+9),스타크래프트: 브루드 워,블리자드 엔터테인먼트 코리아,RTS
25,26,(+1),스타듀 밸리,처클피시,전원 생활 시뮬레이션
26,27,(-1),워크래프트3,블리자드 엔터테인먼트 코리아,실시간 전략 시뮬레이션
27,28,(-8),크레이지 아케이드 비엔비,㈜넥슨코리아,아케이드
28,29,(-),파이널 판타지 14,㈜액토즈소프트,MMORPG
29,30,(+3),마비노기,㈜넥슨코리아,MMORPG
30,31,(-3),엘소드,㈜넥슨코리아,횡스크롤 액션 MMORPG
31,32,(-1),마비노기 영웅전,㈜넥슨코리아,액션 RPG
32,33,(-1),리니지2,㈜엔씨소프트,MMORPG
33,34,(+2),테라,㈜넥슨코리아,MMORPG
34,35,(-),콜 오브 듀티: 모던 워페어,"블리자드 엔터테인먼트, 액티비전",FPS
35,36,(+3),디아블로3,블리자드,롤플레잉
36,37,(-),라테일,㈜액토즈소프트,MMORPG
37,38,(-8),삼국지14,코에이 테크모 게임즈,시뮬레이션
38,39,(+1),포트나이트,에픽게임즈,빌딩 서바이벌 배틀로얄
39,40,(NEW),레드 데드 리뎀션2,락스타 게임즈,오픈월드
0,1,(-),리그 오브 레전드,라이엇 게임즈,MOBA
1,2,(-),메이플스토리,㈜넥슨코리아,MMORPG
2,3,(-),피파온라인4,㈜넥슨코리아,스포츠
3,4,(-),배틀그라운드,"펍지주식회사, (주)카카오게임즈",서바이벌 슈팅
4,5,(-),던전앤파이터,㈜넥슨코리아,벨트 스크롤 액션 RPG
5,6,(-),마인크래프트,엑스박스 게임 스튜디오,샌드박스
6,7,(+1),로스트아크,㈜스마일게이트알피지,핵앤슬래시 MMORPG
7,8,(-1),카트라이더,㈜넥슨코리아,레이싱
8,9,(+1),서든어택,㈜넥슨코리아,FPS
9,10,(-1),아키에이지,㈜엑스엘게임즈,판타지 RPG
10,11,(-),오버워치,블리자드 엔터테인먼트,팀 기반 슈팅
11,12,(-),천하제일상 거상,㈜에이케이인터렉티브,MMORPG
12,13,(+2),블레이드앤소울,㈜엔씨소프트,MMORPG
13,14,(+2),리니지,㈜엔씨소프트,MMORPG
14,15,(-1),테일즈런너,㈜스마일게이트메가포트,레이싱
15,16,(-3),사이퍼즈,㈜넥슨코리아,액션
16,17,(+11),크레이지 아케이드 비엔비,㈜넥슨코리아,아케이드
17,18,(-),검은사막,㈜펄어비스,MMORPG
18,19,(+2),아이온: 영원의 탑,㈜엔씨소프트,MMORPG
19,20,(-1),몬스터헌터 월드,캡콤,액션 RPG
20,21,(-1),패스 오브 엑자일,㈜카카오게임즈,ARPG
21,22,(-),GTA5,락스타 게임즈,오픈월드 범죄 액션
22,23,(+3),스타듀 밸리,처클피시,전원 생활 시뮬레이션
23,24,(-1),바람의나라,㈜넥슨코리아,MMORPG
24,25,(-1),월드 오브 워크래프트,블리자드 엔터테인먼트,MMORPG
25,26,(+3),파이널 판타지 14,㈜액토즈소프트,MMORPG
26,27,(-10),레전드 오브 룬테라,라이엇 게임즈,카드 전략
27,28,(+2),마비노기,㈜넥슨코리아,MMORPG
28,29,(+2),엘소드,㈜넥슨코리아,횡스크롤 액션 MMORPG
29,30,(+4),테라,㈜넥슨코리아,MMORPG
30,31,(-6),스타크래프트: 브루드 워,블리자드 엔터테인먼트 코리아,RTS
31,32,(-),마비노기 영웅전,㈜넥슨코리아,액션 RPG
32,33,(-),리니지2,㈜엔씨소프트,MMORPG
33,34,(+2),디아블로3,블리자드,롤플레잉
34,35,(-),콜 오브 듀티: 모던 워페어,"블리자드 엔터테인먼트, 액티비전",FPS
35,36,(+1),라테일,㈜액토즈소프트,MMORPG
36,37,(-10),워크래프트3,블리자드 엔터테인먼트 코리아,실시간 전략 시뮬레이션
37,38,(+1),포트나이트,에픽게임즈,빌딩 서바이벌 배틀로얄
38,39,(NEW),스페셜포스,㈜드래곤플라이,FPS
39,40,(NEW),피파 20,일렉트로닉 아츠,스포츠
0,1,(-),리그 오브 레전드,라이엇 게임즈,MOBA
1,2,(-),메이플스토리,㈜넥슨코리아,MMORPG
2,3,(-),피파온라인4,㈜넥슨코리아,스포츠
3,4,(-),배틀그라운드,펍지주식회사,서바이벌 슈팅
4,5,(-),던전앤파이터,㈜넥슨코리아,벨트 스크롤 액션 RPG
5,6,(-),마인크래프트,엑스박스 게임 스튜디오,샌드박스
6,7,(+2),서든어택,㈜넥슨코리아,FPS
7,8,(-1),로스트아크,㈜스마일게이트알피지,핵앤슬래시 MMORPG
8,9,(-1),카트라이더,㈜넥슨코리아,레이싱
9,10,(+1),오버워치,블리자드 엔터테인먼트,팀 기반 슈팅
10,11,(-1),아키에이지,㈜엑스엘게임즈,판타지 RPG
11,12,(-),천하제일상 거상,㈜에이케이인터렉티브,MMORPG
12,13,(-),블레이드앤소울,㈜엔씨소프트,MMORPG
13,14,(+1),테일즈런너,㈜스마일게이트메가포트,레이싱
14,15,(-1),리니지,㈜엔씨소프트,MMORPG
15,16,(-),사이퍼즈,㈜넥슨코리아,액션
16,17,(-),크레이지 아케이드 비엔비,㈜넥슨코리아,아케이드
17,18,(-),검은사막,㈜펄어비스,MMORPG
18,19,(-),아이온: 영원의 탑,㈜엔씨소프트,MMORPG
19,20,(+2),GTA5,락스타 게임즈,오픈월드 범죄 액션
20,21,(-),패스 오브 엑자일,㈜카카오게임즈,ARPG
21,22,(+1),스타듀 밸리,처클피시,전원 생활 시뮬레이션
22,23,(+3),파이널 판타지 14,㈜액토즈소프트,MMORPG
23,24,(-),바람의나라,㈜넥슨코리아,MMORPG
24,25,(-),월드 오브 워크래프트,블리자드 엔터테인먼트,MMORPG
25,26,(+4),테라,㈜넥슨코리아,MMORPG
26,27,(+1),마비노기,㈜넥슨코리아,MMORPG
27,28,(+1),엘소드,㈜넥슨코리아,횡스크롤 액션 MMORPG
28,29,(+2),스타크래프트: 브루드 워,블리자드 엔터테인먼트 코리아,RTS
29,30,(+2),마비노기 영웅전,㈜넥슨코리아,액션 RPG
30,31,(-11),몬스터헌터 월드,캡콤,액션 RPG
31,32,(+2),디아블로3,블리자드,롤플레잉
32,33,(-),리니지2,㈜엔씨소프트,MMORPG
33,34,(+1),콜 오브 듀티: 모던 워페어,"블리자드 엔터테인먼트, 액티비전",FPS
34,35,(-8),레전드 오브 룬테라,라이엇 게임즈,카드 전략
35,36,(-),라테일,㈜액토즈소프트,MMORPG
36,37,(+1),포트나이트,에픽게임즈,빌딩 서바이벌 배틀로얄
37,38,(+2),피파 20,일렉트로닉 아츠,스포츠
38,39,(-),스페셜포스,㈜드래곤플라이,FPS
39,40,(NEW),레인보우 식스: 시즈,유비소프트 엔터테인먼트 S.A.,FPS
0,1,(-),리그 오브 레전드,라이엇 게임즈,MOBA
1,2,(+1),피파온라인4,㈜넥슨코리아,스포츠
2,3,(-1),메이플스토리,㈜넥슨코리아,MMORPG
3,4,(-),배틀그라운드,펍지주식회사,서바이벌 슈팅
4,5,(+2),서든어택,㈜넥슨코리아,FPS
5,6,(-),마인크래프트,엑스박스 게임 스튜디오,샌드박스
6,7,(-2),던전앤파이터,㈜넥슨코리아,벨트 스크롤 액션 RPG
7,8,(-),로스트아크,㈜스마일게이트알피지,핵앤슬래시 MMORPG
8,9,(-),카트라이더,㈜넥슨코리아,레이싱
9,10,(-),오버워치,블리자드 엔터테인먼트,팀 기반 슈팅
10,11,(-),아키에이지,㈜엑스엘게임즈,판타지 RPG
11,12,(-),천하제일상 거상,㈜에이케이인터렉티브,MMORPG
12,13,(+1),테일즈런너,㈜스마일게이트메가포트,레이싱
13,14,(-1),블레이드앤소울,㈜엔씨소프트,MMORPG
14,15,(+1),사이퍼즈,㈜넥슨코리아,액션
15,16,(+1),크레이지 아케이드 비엔비,㈜넥슨코리아,아케이드
16,17,(-2),리니지,㈜엔씨소프트,MMORPG
17,18,(-),검은사막,㈜펄어비스,MMORPG
18,19,(+2),패스 오브 엑자일,㈜카카오게임즈,ARPG
19,20,(+2),스타듀 밸리,처클피시,전원 생활 시뮬레이션
20,21,(-1),GTA5,락스타 게임즈,오픈월드 범죄 액션
21,22,(-3),아이온: 영원의 탑,㈜엔씨소프트,MMORPG
22,23,(-),파이널 판타지 14,㈜액토즈소프트,MMORPG
23,24,(+1),월드 오브 워크래프트,블리자드 엔터테인먼트,MMORPG
24,25,(+6),몬스터헌터 월드,캡콤,액션 RPG
25,26,(-),테라,㈜넥슨코리아,MMORPG
26,27,(-3),바람의나라,㈜넥슨코리아,MMORPG
27,28,(-1),마비노기,㈜넥슨코리아,MMORPG
28,29,(-1),엘소드,㈜넥슨코리아,횡스크롤 액션 MMORPG
29,30,(-1),스타크래프트: 브루드 워,블리자드 엔터테인먼트 코리아,RTS
30,31,(+3),콜 오브 듀티: 모던 워페어,"블리자드 엔터테인먼트, 액티비전",FPS
31,32,(-),디아블로3,블리자드,롤플레잉
32,33,(-3),마비노기 영웅전,㈜넥슨코리아,액션 RPG
33,34,(-1),리니지2,㈜엔씨소프트,MMORPG
34,35,(+3),피파 20,일렉트로닉 아츠,스포츠
35,36,(-),라테일,㈜액토즈소프트,MMORPG
36,37,(-),포트나이트,에픽게임즈,빌딩 서바이벌 배틀로얄
37,38,(+2),레인보우 식스: 시즈,유비소프트 엔터테인먼트 S.A.,FPS
38,39,(-),스페셜포스,㈜드래곤플라이,FPS
39,40,(-5),레전드 오브 룬테라,라이엇 게임즈,카드 전략
0,1,(-),리그 오브 레전드,라이엇 게임즈,MOBA
1,2,(+1),메이플스토리,㈜넥슨코리아,MMORPG
2,3,(-1),피파온라인4,㈜넥슨코리아,스포츠
3,4,(-),배틀그라운드,"펍지주식회사, 카카오게임즈",서바이벌 슈팅
4,5,(-),서든어택,㈜넥슨코리아,FPS
5,6,(-),마인크래프트,엑스박스 게임 스튜디오,샌드박스
6,7,(-),던전앤파이터,㈜넥슨코리아,벨트 스크롤 액션 RPG
7,8,(-),로스트아크,㈜스마일게이트알피지,핵앤슬래시 MMORPG
8,9,(+1),오버워치,블리자드 엔터테인먼트,팀 기반 슈팅
9,10,(-1),카트라이더,㈜넥슨코리아,레이싱
10,11,(-),아키에이지,㈜엑스엘게임즈,판타지 RPG
11,12,(-),천하제일상 거상,㈜에이케이인터렉티브,MMORPG
12,13,(-),테일즈런너,㈜스마일게이트메가포트,레이싱
13,14,(-),블레이드앤소울,㈜엔씨소프트,MMORPG
14,15,(-),사이퍼즈,㈜넥슨코리아,액션
15,16,(-),크레이지 아케이드 비엔비,㈜넥슨코리아,아케이드
16,17,(+1),검은사막,㈜펄어비스,MMORPG
17,18,(-1),리니지,㈜엔씨소프트,MMORPG
18,19,(-),패스 오브 엑자일,㈜카카오게임즈,ARPG
19,20,(+2),아이온: 영원의 탑,㈜엔씨소프트,MMORPG
20,21,(+2),파이널 판타지 14,㈜액토즈소프트,MMORPG
21,22,(+2),월드 오브 워크래프트,블리자드 엔터테인먼트 코리아,MMORPG
22,23,(+4),바람의나라,㈜넥슨코리아,MMORPG
23,24,(+2),테라,㈜넥슨코리아,MMORPG
24,25,(+7),디아블로3,블리자드 엔터테인먼트 코리아,롤플레잉
25,26,(+4),스타크래프트: 브루드 워,블리자드 엔터테인먼트 코리아,RTS
26,27,(+1),마비노기,㈜넥슨코리아,MMORPG
27,28,(+1),엘소드,㈜넥슨코리아,횡스크롤 액션 MMORPG
28,29,(+4),마비노기 영웅전,㈜넥슨코리아,액션 RPG
29,30,(+4),리니지2,㈜엔씨소프트,MMORPG
30,31,(+6),포트나이트,에픽게임즈,빌딩 서바이벌 배틀로얄
31,32,(+4),라테일,㈜액토즈소프트,횡스크롤 액션 MMORPG
32,33,(+6),스페셜포스,㈜드래곤플라이,FPS
33,34,(NEW),하스스톤,블리자드 엔터테인먼트,CCG
34,35,(NEW),로스트사가,㈜위메이드,액션
35,36,(NEW),소울워커,㈜스마일게이트메가포트,액션 RPG
36,37,(NEW),버블파이터,㈜넥슨코리아,캐주얼 TPS
37,38,(+2),레전드 오브 룬테라,라이엇 게임즈,카드 전략
38,39,(NEW),테일즈위버,㈜넥슨코리아,드라마틱 온라인 액션 RPG
39,40,(NEW),클로저스,㈜넥슨코리아,벨트 스크롤 액션
0,1,(-),리그 오브 레전드,라이엇 게임즈,MOBA
1,2,(-),메이플스토리,㈜넥슨코리아,MMORPG
2,3,(-),피파온라인4,㈜넥슨코리아,스포츠
3,4,(-),배틀그라운드,"펍지주식회사, 카카오게임즈",서바이벌 슈팅
4,5,(-),서든어택,㈜넥슨코리아,FPS
5,6,(-),마인크래프트,엑스박스 게임 스튜디오,샌드박스
6,7,(-),던전앤파이터,㈜넥슨코리아,벨트 스크롤 액션 RPG
7,8,(+1),오버워치,블리자드 엔터테인먼트,팀 기반 슈팅
8,9,(+1),카트라이더,㈜넥슨코리아,레이싱
9,10,(-2),로스트아크,㈜스마일게이트알피지,핵앤슬래시 MMORPG
10,11,(-),아키에이지,㈜엑스엘게임즈,판타지 RPG
11,12,(-),천하제일상 거상,㈜에이케이인터렉티브,MMORPG
12,13,(-),테일즈런너,㈜스마일게이트메가포트,레이싱
13,14,(+1),사이퍼즈,㈜넥슨코리아,액션
14,15,(+1),크레이지 아케이드 비엔비,㈜넥슨코리아,아케이드
15,16,(+3),패스 오브 엑자일,㈜카카오게임즈,ARPG
16,17,(-),검은사막,㈜펄어비스,MMORPG
17,18,(-4),블레이드앤소울,㈜엔씨소프트,MMORPG
18,19,(-1),리니지,㈜엔씨소프트,MMORPG
19,20,(+6),스타크래프트: 브루드 워,블리자드 엔터테인먼트 코리아,RTS
20,21,(-1),아이온: 영원의 탑,㈜엔씨소프트,MMORPG
21,22,(-1),파이널 판타지 14,㈜액토즈소프트,MMORPG
22,23,(-1),월드 오브 워크래프트,블리자드 엔터테인먼트 코리아,MMORPG
23,24,(+1),디아블로3,블리자드 엔터테인먼트 코리아,롤플레잉
24,25,(-2),바람의나라,㈜넥슨코리아,MMORPG
25,26,(+1),마비노기,㈜넥슨코리아,MMORPG
26,27,(-3),테라,㈜넥슨코리아,MMORPG
27,28,(-),엘소드,㈜넥슨코리아,횡스크롤 액션 MMORPG
28,29,(-),마비노기 영웅전,㈜넥슨코리아,액션 RPG
29,30,(+4),하스스톤,블리자드 엔터테인먼트,CCG
30,31,(-1),리니지2,㈜엔씨소프트,MMORPG
31,32,(-),라테일,㈜액토즈소프트,횡스크롤 액션 MMORPG
32,33,(-2),포트나이트,에픽게임즈,빌딩 서바이벌 배틀로얄
33,34,(-1),스페셜포스,㈜드래곤플라이,FPS
34,35,(-),로스트사가,㈜위메이드,액션
35,36,(-),소울워커,㈜스마일게이트메가포트,액션 RPG
36,37,(-),버블파이터,㈜넥슨코리아,캐주얼 TPS
37,38,(+1),테일즈위버,㈜넥슨코리아,드라마틱 온라인 액션 RPG
38,39,(+1),클로저스,㈜넥슨코리아,벨트 스크롤 액션
39,40,(NEW),트리 오브 세이비어,㈜넥슨코리아,MMORPG
0,1,(-),리그 오브 레전드,라이엇 게임즈,MOBA
1,2,(-),메이플스토리,㈜넥슨코리아,MMORPG
2,3,(-),피파온라인4,㈜넥슨코리아,스포츠
3,4,(-),배틀그라운드,"펍지주식회사, 카카오게임즈",서바이벌 슈팅
4,5,(-),서든어택,㈜넥슨코리아,FPS
5,6,(-),마인크래프트,엑스박스 게임 스튜디오,샌드박스
6,7,(-),던전앤파이터,㈜넥슨코리아,벨트 스크롤 액션 RPG
7,8,(+1),카트라이더,㈜넥슨코리아,레이싱
8,9,(-1),오버워치,블리자드 엔터테인먼트,팀 기반 슈팅
9,10,(-),로스트아크,㈜스마일게이트알피지,핵앤슬래시 MMORPG
10,11,(-),아키에이지,㈜엑스엘게임즈,판타지 RPG
11,12,(-),천하제일상 거상,㈜에이케이인터렉티브,MMORPG
12,13,(-),테일즈런너,㈜스마일게이트메가포트,레이싱
13,14,(-),사이퍼즈,㈜넥슨코리아,액션
14,15,(+1),패스 오브 엑자일,㈜카카오게임즈,ARPG
15,16,(+1),검은사막,㈜펄어비스,MMORPG
16,17,(+2),리니지,㈜엔씨소프트,MMORPG
17,18,(-3),크레이지 아케이드 비엔비,㈜넥슨코리아,아케이드
18,19,(-1),블레이드앤소울,㈜엔씨소프트,MMORPG
19,20,(-),스타크래프트: 브루드 워,블리자드 엔터테인먼트 코리아,RTS
20,21,(-),아이온: 영원의 탑,㈜엔씨소프트,MMORPG
21,22,(+1),월드 오브 워크래프트,블리자드 엔터테인먼트 코리아,MMORPG
22,23,(+1),디아블로3,블리자드 엔터테인먼트 코리아,롤플레잉
23,24,(+1),바람의나라,㈜넥슨코리아,MMORPG
24,25,(+1),마비노기,㈜넥슨코리아,MMORPG
25,26,(-4),파이널 판타지 14,㈜액토즈소프트,MMORPG
26,27,(+1),엘소드,㈜넥슨코리아,횡스크롤 액션 MMORPG
27,28,(-1),테라,㈜넥슨코리아,MMORPG
28,29,(+1),하스스톤,블리자드 엔터테인먼트,CCG
29,30,(-1),마비노기 영웅전,㈜넥슨코리아,액션 RPG
30,31,(-),리니지2,㈜엔씨소프트,MMORPG
31,32,(+1),포트나이트,에픽게임즈,빌딩 서바이벌 배틀로얄
32,33,(-1),라테일,㈜액토즈소프트,횡스크롤 액션 MMORPG
33,34,(-),스페셜포스,㈜드래곤플라이,FPS
34,35,(-),로스트사가,㈜위메이드,액션
35,36,(-),소울워커,㈜스마일게이트메가포트,액션 RPG
36,37,(-),버블파이터,㈜넥슨코리아,캐주얼 TPS
37,38,(+2),트리 오브 세이비어,㈜넥슨코리아,MMORPG
38,39,(-1),테일즈위버,㈜넥슨코리아,드라마틱 온라인 액션 RPG
39,40,(NEW),레전드 오브 룬테라,라이엇 게임즈,카드 전략
