"tablescraper-selected-row","name","name href","tablescraper-selected-row 2","tablescraper-selected-row 3","tablescraper-selected-row 4","num","num 2","num 3","num 4","tablescraper-selected-row 5","tablescraper-selected-row 6","on","on href","intop_btnarea"
"1","리그 오브 레전드","javascript:void(0);","RTS","89.37","38.76","9,413","6,040,697","97","3,760,039","라이엇게임즈","유료","","",""
"","","","","","","","","","","","","점유율 등락","javascript:void(0);","이용시간 등락"
"2","배틀그라운드","javascript:void(0);","FPS","64.35","22.12","9,294","3,446,675","83","2,503,941","카카오/스팀","유료","","",""
"","","","","","","","","","","","","점유율 등락","javascript:void(0);","이용시간 등락"
"3","FIFA 온라인 4","javascript:void(0);","스포츠","92.53","7.15","9,258","1,113,870","59","1,150,155","넥슨","유료","","",""
"","","","","","","","","","","","","점유율 등락","javascript:void(0);","이용시간 등락"
"4","오버워치","javascript:void(0);","FPS","16.86","5.80","9,163","903,137","62","860,613","블리자드","유료","","",""
"","","","","","","","","","","","","점유율 등락","javascript:void(0);","이용시간 등락"
"5","서든어택","javascript:void(0);","FPS","10.94","3.76","8,994","585,755","71","497,617","넥슨","유료","","",""
"","","","","","","","","","","","","점유율 등락","javascript:void(0);","이용시간 등락"
"6","스타크래프트 리마스터","javascript:void(0);","RTS","7.17","3.11","8,985","484,352","76","383,726","블리자드","유료","","",""
"","","","","","","","","","","","","점유율 등락","javascript:void(0);","이용시간 등락"
"7","메이플스토리","javascript:void(0);","RPG","20.71","1.77","8,002","274,740","84","196,737","넥슨","유료","","",""
"","","","","","","","","","","","","점유율 등락","javascript:void(0);","이용시간 등락"
"8","던전앤파이터","javascript:void(0);","액션","55.93","1.65","7,642","256,918","95","157,563","넥슨","유료","","",""
"","","","","","","","","","","","","점유율 등락","javascript:void(0);","이용시간 등락"
"9","Destiny: Guardians","javascript:void(0);","FPS","4.01","1.38","6,456","214,472","118","108,684","스팀","유료","","",""
"","","","","","","","","","","","","점유율 등락","javascript:void(0);","이용시간 등락"
"10","월드 오브 워크래프트","javascript:void(0);","RPG","14.45","1.24","5,625","191,731","136","84,323","블리자드","유료","","",""
"","","","","","","","","","","","","점유율 등락","javascript:void(0);","이용시간 등락"
"11","리니지","javascript:void(0);","RPG","13.13","1.12","5,186","174,220","103","102,382","엔씨소프트","유료","","",""
"","","","","","","","","","","","","점유율 등락","javascript:void(0);","이용시간 등락"
"12","카트라이더","javascript:void(0);","레이싱","92.11","0.95","8,092","147,922","34","264,443","넥슨","유료","","",""
"","","","","","","","","","","","","점유율 등락","javascript:void(0);","이용시간 등락"
"13","디아블로3","javascript:void(0);","RPG","9.10","0.78","5,290","120,741","114","63,332","블리자드","유료","","",""
"","","","","","","","","","","","","점유율 등락","javascript:void(0);","이용시간 등락"
"14","콜 오브 듀티: 블랙 옵스 4","javascript:void(0);","FPS","2.16","0.74","6,438","115,212","44","158,311","블리자드","유료","","",""
"","","","","","","","","","","","","점유율 등락","javascript:void(0);","이용시간 등락"
"15","사이퍼즈","javascript:void(0);","액션","22.67","0.67","4,715","104,116","115","54,148","넥슨","유료","","",""
"","","","","","","","","","","","","점유율 등락","javascript:void(0);","이용시간 등락"
"16","히어로즈 오브 더 스톰","javascript:void(0);","RTS","1.50","0.65","5,065","101,301","92","65,992","블리자드","유료","","",""
"","","","","","","","","","","","","점유율 등락","javascript:void(0);","이용시간 등락"
"17","블레이드 & 소울","javascript:void(0);","RPG","6.57","0.56","3,843","87,185","108","46,042","엔씨소프트","유료","","",""
"","","","","","","","","","","","","점유율 등락","javascript:void(0);","이용시간 등락"
"18","아이온","javascript:void(0);","RPG","4.55","0.39","2,694","60,321","107","33,758","엔씨소프트","유료","","",""
"","","","","","","","","","","","","점유율 등락","javascript:void(0);","이용시간 등락"
"19","워크래프트3 리포지드","javascript:void(0);","RTS","0.81","0.36","3,062","54,620","75","44,293","블리자드","유료","","",""
"","","","","","","","","","","","","점유율 등락","javascript:void(0);","이용시간 등락"
"20","스타크래프트2","javascript:void(0);","RTS","0.76","0.33","3,602","51,128","76","40,451","블리자드","유료","","",""
"","","","","","","","","","","","","점유율 등락","javascript:void(0);","이용시간 등락"
"21","검은사막","javascript:void(0);","RPG","3.43","0.30","2,643","45,513","121","22,565","(주)펄어비스","유료","","",""
"","","","","","","","","","","","","점유율 등락","javascript:void(0);","이용시간 등락"
"22","Monster Hunter : World","javascript:void(0);","액션","9.49","0.28","2,538","43,552","101","25,633","스팀","유료","","",""
"","","","","","","","","","","","","점유율 등락","javascript:void(0);","이용시간 등락"
"23","파이널판타지14","javascript:void(0);","RPG","2.68","0.23","1,814","35,549","141","15,114","액토즈소프트","유료","","",""
"","","","","","","","","","","","","점유율 등락","javascript:void(0);","이용시간 등락"
"24","스페셜포스","javascript:void(0);","FPS","0.65","0.23","2,195","34,546","100","20,926","네오위즈","유료","","",""
"","","","","","","","","","","","","점유율 등락","javascript:void(0);","이용시간 등락"
"25","크레이지아케이드","javascript:void(0);","아케이드","58.66","0.22","4,122","33,428","32","62,993","넥슨","유료","","",""
"","","","","","","","","","","","","점유율 등락","javascript:void(0);","이용시간 등락"
"26","테일즈런너","javascript:void(0);","스포츠","2.70","0.21","3,730","32,464","42","46,673","스마일게이트","유료","","",""
"","","","","","","","","","","","","점유율 등락","javascript:void(0);","이용시간 등락"
"27","거상","javascript:void(0);","RPG","2.42","0.21","2,056","32,116","90","21,309","(주)에이케이인터렉티브","유료","","",""
"","","","","","","","","","","","","점유율 등락","javascript:void(0);","이용시간 등락"
"28","천애명월도","javascript:void(0);","RPG","2.35","0.20","1,635","31,144","104","18,070","넥슨","유료","","",""
"","","","","","","","","","","","","점유율 등락","javascript:void(0);","이용시간 등락"
"29","R2","javascript:void(0);","RPG","1.99","0.17","1,064","26,355","55","29,093","웹젠","유료","","",""
"","","","","","","","","","","","","점유율 등락","javascript:void(0);","이용시간 등락"
"30","DOTA 2","javascript:void(0);","RTS","0.39","0.17","833","26,238","130","11,938","스팀","유료","","",""
"","","","","","","","","","","","","점유율 등락","javascript:void(0);","이용시간 등락"
"31","한게임 로우바둑이","javascript:void(0);","보드","11.80","0.17","2,503","25,882","27","59,466","한게임","유료","","",""
"","","","","","","","","","","","","점유율 등락","javascript:void(0);","이용시간 등락"
"32","리니지2","javascript:void(0);","RPG","1.79","0.16","1,446","23,726","140","10,123","엔씨소프트","유료","","",""
"","","","","","","","","","","","","점유율 등락","javascript:void(0);","이용시간 등락"
"33","하스스톤","javascript:void(0);","보드","10.65","0.15","3,461","23,363","45","31,672","블리자드","무료","","",""
"","","","","","","","","","","","","점유율 등락","javascript:void(0);","이용시간 등락"
"34","GTA 5","javascript:void(0);","액션","5.07","0.15","1,712","23,258","69","19,931","스팀","유료","","",""
"","","","","","","","","","","","","점유율 등락","javascript:void(0);","이용시간 등락"
"35","한게임 신맞고","javascript:void(0);","보드","9.45","0.14","2,505","20,720","39","32,411","한게임","유료","","",""
"","","","","","","","","","","","","점유율 등락","javascript:void(0);","이용시간 등락"
"36","테라","javascript:void(0);","RPG","1.49","0.13","1,293","19,759","93","12,683","넥슨","유료","","",""
"","","","","","","","","","","","","점유율 등락","javascript:void(0);","이용시간 등락"
"37","카운터-스트라이크 온라인","javascript:void(0);","FPS","0.36","0.13","2,670","19,062","55","20,809","넥슨","유료","","",""
"","","","","","","","","","","","","점유율 등락","javascript:void(0);","이용시간 등락"
"38","겟앰프드","javascript:void(0);","대전격투","96.99","0.12","2,041","17,345","55","19,195","네오위즈","무료","","",""
"","","","","","","","","","","","","점유율 등락","javascript:void(0);","이용시간 등락"
"39","마구마구","javascript:void(0);","스포츠","1.40","0.11","2,387","16,777","30","34,905","넷마블","유료","","",""
"","","","","","","","","","","","","점유율 등락","javascript:void(0);","이용시간 등락"
"40","뮤 온라인","javascript:void(0);","RPG","1.26","0.11","649","16,611","170","5,862","웹젠","유료","","",""
"","","","","","","","","","","","","점유율 등락","javascript:void(0);","이용시간 등락"
"41","오디션","javascript:void(0);","아케이드","28.18","0.11","1,110","16,057","56","17,447","웹젠","유료","","",""
"","","","","","","","","","","","","점유율 등락","javascript:void(0);","이용시간 등락"
"42","아바","javascript:void(0);","FPS","0.28","0.10","1,375","14,788","65","13,691","네오위즈","유료","","",""
"","","","","","","","","","","","","점유율 등락","javascript:void(0);","이용시간 등락"
"43","한게임 바둑","javascript:void(0);","보드","6.44","0.10","1,703","14,115","55","15,470","한게임","무료","","",""
"","","","","","","","","","","","","점유율 등락","javascript:void(0);","이용시간 등락"
"44","버블파이터","javascript:void(0);","슈팅","72.91","0.09","2,057","13,780","42","19,242","넥슨","유료","","",""
"","","","","","","","","","","","","점유율 등락","javascript:void(0);","이용시간 등락"
"45","마비노기","javascript:void(0);","RPG","1.04","0.09","1,329","13,769","79","10,540","넥슨","유료","","",""
"","","","","","","","","","","","","점유율 등락","javascript:void(0);","이용시간 등락"
"46","한게임 하이로우","javascript:void(0);","보드","6.10","0.09","1,700","13,365","22","36,872","한게임","유료","","",""
"","","","","","","","","","","","","점유율 등락","javascript:void(0);","이용시간 등락"
"47","슬러거","javascript:void(0);","스포츠","1.03","0.08","1,480","12,342","47","16,044","네오위즈","유료","","",""
"","","","","","","","","","","","","점유율 등락","javascript:void(0);","이용시간 등락"
"48","월드 오브 탱크","javascript:void(0);","액션","2.59","0.08","914","11,863","105","6,823","워게이밍유한회사","유료","","",""
"","","","","","","","","","","","","점유율 등락","javascript:void(0);","이용시간 등락"
"49","엘소드","javascript:void(0);","RPG","0.89","0.08","1,336","11,704","74","9,406","넥슨","유료","","",""
"","","","","","","","","","","","","점유율 등락","javascript:void(0);","이용시간 등락"
"50","클로저스","javascript:void(0);","액션","2.55","0.08","1,406","11,680","60","11,497","넥슨","유료","","",""
"","","","","","","","","","","","","점유율 등락","javascript:void(0);","이용시간 등락"
"51","아키에이지","javascript:void(0);","RPG","0.88","0.08","649","11,627","59","11,886","넥슨","유료","","",""
"","","","","","","","","","","","","점유율 등락","javascript:void(0);","이용시간 등락"
"52","마비노기 영웅전","javascript:void(0);","RPG","0.82","0.07","927","10,807","97","6,668","넥슨","유료","","",""
"","","","","","","","","","","","","점유율 등락","javascript:void(0);","이용시간 등락"
"53","프리스타일2","javascript:void(0);","스포츠","0.89","0.07","1,356","10,603","54","10,620","넥슨","유료","","",""
"","","","","","","","","","","","","점유율 등락","javascript:void(0);","이용시간 등락"
"54","디아블로2","javascript:void(0);","RPG","0.79","0.07","862","10,462","75","8,562","블리자드","유료","","",""
"","","","","","","","","","","","","점유율 등락","javascript:void(0);","이용시간 등락"
"55","넷마블 포커리그","javascript:void(0);","보드","4.75","0.07","1,506","10,414","40","15,806","넷마블","무료","","",""
"","","","","","","","","","","","","점유율 등락","javascript:void(0);","이용시간 등락"
"56","엠게임 바둑","javascript:void(0);","보드","4.40","0.07","966","9,643","72","8,070","웹젠","무료","","",""
"","","","","","","","","","","","","점유율 등락","javascript:void(0);","이용시간 등락"
"57","프리스타일","javascript:void(0);","스포츠","0.80","0.07","829","9,547","57","8,982","넥슨","유료","","",""
"","","","","","","","","","","","","점유율 등락","javascript:void(0);","이용시간 등락"
"58","이카루스","javascript:void(0);","RPG","0.67","0.06","417","8,784","98","5,403","카카오게임즈","유료","","",""
"","","","","","","","","","","","","점유율 등락","javascript:void(0);","이용시간 등락"
"59","한게임 7포커","javascript:void(0);","보드","3.35","0.05","1,441","7,342","22","20,590","한게임","유료","","",""
"","","","","","","","","","","","","점유율 등락","javascript:void(0);","이용시간 등락"
"60","클럽엠스타","javascript:void(0);","캐주얼","94.73","0.05","482","7,214","69","6,297","넷마블","유료","","",""
"","","","","","","","","","","","","점유율 등락","javascript:void(0);","이용시간 등락"
"61","러브비트","javascript:void(0);","아케이드","12.59","0.05","819","7,170","54","8,030","엔씨소프트","무료","","",""
"","","","","","","","","","","","","점유율 등락","javascript:void(0);","이용시간 등락"
"62","스페셜포스2","javascript:void(0);","FPS","0.14","0.05","727","7,081","88","4,849","넷마블","유료","","",""
"","","","","","","","","","","","","점유율 등락","javascript:void(0);","이용시간 등락"
"63","에오스","javascript:void(0);","RPG","0.52","0.05","388","6,845","108","3,803","카카오게임즈","유료","","",""
"","","","","","","","","","","","","점유율 등락","javascript:void(0);","이용시간 등락"
"64","Black Squad","javascript:void(0);","FPS","0.13","0.05","559","6,732","93","4,415","스팀","유료","","",""
"","","","","","","","","","","","","점유율 등락","javascript:void(0);","이용시간 등락"
"65","소울워커","javascript:void(0);","RPG","0.51","0.05","624","6,695","87","4,596","스팀","유료","","",""
"","","","","","","","","","","","","점유율 등락","javascript:void(0);","이용시간 등락"
"66","뮤 레전드","javascript:void(0);","RPG","0.48","0.05","298","6,297","132","2,862","웹젠","유료","","",""
"","","","","","","","","","","","","점유율 등락","javascript:void(0);","이용시간 등락"
"67","프리스톤테일","javascript:void(0);","RPG","0.47","0.04","361","6,183","49","7,603","마상소프트","유료","","",""
"","","","","","","","","","","","","점유율 등락","javascript:void(0);","이용시간 등락"
"68","바람의나라","javascript:void(0);","RPG","0.47","0.04","745","6,144","74","5,028","넥슨","무료","","",""
"","","","","","","","","","","","","점유율 등락","javascript:void(0);","이용시간 등락"
"69","피망 바둑","javascript:void(0);","보드","2.73","0.04","855","5,982","55","6,595","네오위즈","무료","","",""
"","","","","","","","","","","","","점유율 등락","javascript:void(0);","이용시간 등락"
"70","한게임 신사천성","javascript:void(0);","보드","2.67","0.04","939","5,845","49","7,310","한게임","무료","","",""
"","","","","","","","","","","","","점유율 등락","javascript:void(0);","이용시간 등락"
"71","넷마블 대박맞고","javascript:void(0);","보드","2.61","0.04","1,056","5,713","40","8,777","넷마블","무료","","",""
"","","","","","","","","","","","","점유율 등락","javascript:void(0);","이용시간 등락"
"72","미르의전설2","javascript:void(0);","RPG","0.42","0.04","330","5,568","90","3,688","와이디온라인","유료","","",""
"","","","","","","","","","","","","점유율 등락","javascript:void(0);","이용시간 등락"
"73","넷마블 사천성","javascript:void(0);","보드","2.53","0.04","1,040","5,548","47","7,097","넷마블","무료","","",""
"","","","","","","","","","","","","점유율 등락","javascript:void(0);","이용시간 등락"
"74","RF온라인","javascript:void(0);","RPG","0.40","0.04","273","5,304","100","3,207","카카오게임즈","유료","","",""
"","","","","","","","","","","","","점유율 등락","javascript:void(0);","이용시간 등락"
"75","메이플스토리2","javascript:void(0);","RPG","0.40","0.04","591","5,193","65","4,865","넥슨","유료","","",""
"","","","","","","","","","","","","점유율 등락","javascript:void(0);","이용시간 등락"
"76","포트리스2 RED","javascript:void(0);","슈팅","26.92","0.04","484","5,088","51","6,133","코스모스엔터테인먼트","유료","","",""
"","","","","","","","","","","","","점유율 등락","javascript:void(0);","이용시간 등락"
"77","로스트사가","javascript:void(0);","액션","1.08","0.04","807","4,951","41","7,120","넥슨","무료","","",""
"","","","","","","","","","","","","점유율 등락","javascript:void(0);","이용시간 등락"
"78","넷마블 바둑","javascript:void(0);","보드","2.23","0.04","609","4,876","80","3,641","넷마블","유료","","",""
"","","","","","","","","","","","","점유율 등락","javascript:void(0);","이용시간 등락"
"79","오로바둑","javascript:void(0);","보드","2.23","0.04","521","4,871","86","3,423","웹젠","유료","","",""
"","","","","","","","","","","","","점유율 등락","javascript:void(0);","이용시간 등락"
"80","라테일","javascript:void(0);","RPG","0.36","0.03","478","4,656","83","3,347","웹젠","유료","","",""
"","","","","","","","","","","","","점유율 등락","javascript:void(0);","이용시간 등락"
"81","한게임 라스베가스 포커","javascript:void(0);","보드","2.00","0.03","1,282","4,380","13","21,821","한게임","무료","","",""
"","","","","","","","","","","","","점유율 등락","javascript:void(0);","이용시간 등락"
"82","테일즈 위버","javascript:void(0);","RPG","0.32","0.03","394","4,164","97","2,623","넥슨","유료","","",""
"","","","","","","","","","","","","점유율 등락","javascript:void(0);","이용시간 등락"
"83","트리 오브 세이비어","javascript:void(0);","RPG","0.32","0.03","301","4,164","99","2,524","넥슨","유료","","",""
"","","","","","","","","","","","","점유율 등락","javascript:void(0);","이용시간 등락"
"84","DK온라인","javascript:void(0);","RPG","0.31","0.03","156","4,039","160","1,522","마상소프트","유료","","",""
"","","","","","","","","","","","","점유율 등락","javascript:void(0);","이용시간 등락"
"85","프리스타일풋볼Z","javascript:void(0);","스포츠","0.34","0.03","509","3,975","55","4,368","넥슨","유료","","",""
"","","","","","","","","","","","","점유율 등락","javascript:void(0);","이용시간 등락"
"86","넷마블 윷놀이","javascript:void(0);","보드","1.77","0.03","707","3,882","39","6,046","넷마블","무료","","",""
"","","","","","","","","","","","","점유율 등락","javascript:void(0);","이용시간 등락"
"87","피망 로우바둑이","javascript:void(0);","보드","1.75","0.03","696","3,834","30","7,907","네오위즈","무료","","",""
"","","","","","","","","","","","","점유율 등락","javascript:void(0);","이용시간 등락"
"88","넷마블 바둑nTV","javascript:void(0);","보드","1.67","0.03","476","3,661","77","2,948","넷마블","유료","","",""
"","","","","","","","","","","","","점유율 등락","javascript:void(0);","이용시간 등락"
"89","다크에덴","javascript:void(0);","RPG","0.28","0.03","295","3,599","64","3,389","소프톤 엔터테인먼트","유료","","",""
"","","","","","","","","","","","","점유율 등락","javascript:void(0);","이용시간 등락"
"90","피망 베가스","javascript:void(0);","보드","1.62","0.03","844","3,541","18","12,082","네오위즈","유료","","",""
"","","","","","","","","","","","","점유율 등락","javascript:void(0);","이용시간 등락"
"91","콜 오브 카오스","javascript:void(0);","RPG","0.25","0.03","82","3,278","204","968","웹젠","무료","","",""
"","","","","","","","","","","","","점유율 등락","javascript:void(0);","이용시간 등락"
"92","로한","javascript:void(0);","RPG","0.24","0.03","139","3,156","133","1,418","플레이위드","유료","","",""
"","","","","","","","","","","","","점유율 등락","javascript:void(0);","이용시간 등락"
"93","하운즈리로드","javascript:void(0);","FPS","0.06","0.02","225","3,062","66","2,799","넷마블","유료","","",""
"","","","","","","","","","","","","점유율 등락","javascript:void(0);","이용시간 등락"
"94","워록","javascript:void(0);","FPS","0.06","0.02","359","3,051","74","2,499","넥슨","유료","","",""
"","","","","","","","","","","","","점유율 등락","javascript:void(0);","이용시간 등락"
"95","한게임 신윷놀이","javascript:void(0);","보드","1.22","0.02","571","2,660","38","4,308","한게임","무료","","",""
"","","","","","","","","","","","","점유율 등락","javascript:void(0);","이용시간 등락"
"96","샷온라인","javascript:void(0);","스포츠","0.22","0.02","147","2,643","122","1,289","웹젠","유료","","",""
"","","","","","","","","","","","","점유율 등락","javascript:void(0);","이용시간 등락"
"97","한게임 맞고","javascript:void(0);","보드","1.19","0.02","418","2,606","43","3,680","한게임","무료","","",""
"","","","","","","","","","","","","점유율 등락","javascript:void(0);","이용시간 등락"
"98","넷마블 모두의마블","javascript:void(0);","보드","1.14","0.02","459","2,487","34","4,505","넷마블","유료","","",""
"","","","","","","","","","","","","점유율 등락","javascript:void(0);","이용시간 등락"
"99","라그나로크 Zero","javascript:void(0);","RPG","0.19","0.02","126","2,472","88","1,710","그라비티","유료","","",""
"","","","","","","","","","","","","점유율 등락","javascript:void(0);","이용시간 등락"
"100","한게임 파티훌라","javascript:void(0);","보드","1.07","0.02","589","2,337","21","6,845","한게임","무료","","",""
"","","","","","","","","","","","","점유율 등락","javascript:void(0);","이용시간 등락"
"101","카발온라인","javascript:void(0);","RPG","0.18","0.02","153","2,315","129","1,089","플레이위드","유료","","",""
"","","","","","","","","","","","","점유율 등락","javascript:void(0);","이용시간 등락"
"102","피망 7포커","javascript:void(0);","보드","1.05","0.02","514","2,303","31","4,477","네오위즈","무료","","",""
"","","","","","","","","","","","","점유율 등락","javascript:void(0);","이용시간 등락"
"103","데카론","javascript:void(0);","RPG","0.18","0.02","159","2,280","135","1,017","웹젠","유료","","",""
"","","","","","","","","","","","","점유율 등락","javascript:void(0);","이용시간 등락"
"104","크리티카","javascript:void(0);","RPG","0.17","0.02","167","2,154","114","1,157","웹젠","유료","","",""
"","","","","","","","","","","","","점유율 등락","javascript:void(0);","이용시간 등락"
"105","뮤 블루","javascript:void(0);","RPG","0.16","0.02","136","2,099","134","936","웹젠","유료","","",""
"","","","","","","","","","","","","점유율 등락","javascript:void(0);","이용시간 등락"
"106","피망 장기","javascript:void(0);","보드","0.96","0.02","383","2,099","48","2,670","네오위즈","무료","","",""
"","","","","","","","","","","","","점유율 등락","javascript:void(0);","이용시간 등락"
"107","붉은보석","javascript:void(0);","RPG","0.16","0.02","130","2,072","121","1,036","웹젠","유료","","",""
"","","","","","","","","","","","","점유율 등락","javascript:void(0);","이용시간 등락"
"108","넷마블 틀린그림찾기","javascript:void(0);","보드","0.92","0.02","518","2,000","33","3,635","넷마블","무료","","",""
"","","","","","","","","","","","","점유율 등락","javascript:void(0);","이용시간 등락"
"109","월드 오브 워쉽","javascript:void(0);","액션","0.43","0.02","234","1,969","95","1,264","워게이밍넷","무료","","",""
"","","","","","","","","","","","","점유율 등락","javascript:void(0);","이용시간 등락"
"110","대항해시대 온라인","javascript:void(0);","RPG","0.15","0.02","139","1,909","100","1,173","넷마블","유료","","",""
"","","","","","","","","","","","","점유율 등락","javascript:void(0);","이용시간 등락"
"111","넷마블 캐치마인드","javascript:void(0);","보드","0.82","0.02","331","1,780","43","2,488","넷마블","무료","","",""
"","","","","","","","","","","","","점유율 등락","javascript:void(0);","이용시간 등락"
"112","한게임 고스톱","javascript:void(0);","보드","0.80","0.02","361","1,755","43","2,488","한게임","무료","","",""
"","","","","","","","","","","","","점유율 등락","javascript:void(0);","이용시간 등락"
"113","라그나로크","javascript:void(0);","RPG","0.14","0.02","138","1,755","84","1,247","그라비티","유료","","",""
"","","","","","","","","","","","","점유율 등락","javascript:void(0);","이용시간 등락"
"114","크로스파이어","javascript:void(0);","FPS","0.04","0.02","101","1,725","64","1,619","스마일게이트","무료","","",""
"","","","","","","","","","","","","점유율 등락","javascript:void(0);","이용시간 등락"
"115","아틀란티카","javascript:void(0);","RPG","0.13","0.02","95","1,699","136","748","카카오게임즈","유료","","",""
"","","","","","","","","","","","","점유율 등락","javascript:void(0);","이용시간 등락"
"116","한게임 섯다","javascript:void(0);","보드","0.78","0.02","438","1,694","21","5,063","한게임","유료","","",""
"","","","","","","","","","","","","점유율 등락","javascript:void(0);","이용시간 등락"
"117","영웅온라인","javascript:void(0);","RPG","0.13","0.02","80","1,689","164","622","웹젠","무료","","",""
"","","","","","","","","","","","","점유율 등락","javascript:void(0);","이용시간 등락"
"118","넷마블 고스톱","javascript:void(0);","보드","0.75","0.02","330","1,630","42","2,364","넷마블","무료","","",""
"","","","","","","","","","","","","점유율 등락","javascript:void(0);","이용시간 등락"
"119","십이지천2","javascript:void(0);","RPG","0.12","0.02","66","1,564","141","670","플레이위드","유료","","",""
"","","","","","","","","","","","","점유율 등락","javascript:void(0);","이용시간 등락"
"120","열혈강호","javascript:void(0);","RPG","0.12","0.01","77","1,535","141","656","웹젠","무료","","",""
"","","","","","","","","","","","","점유율 등락","javascript:void(0);","이용시간 등락"
"121","카발2","javascript:void(0);","RPG","0.12","0.01","72","1,521","116","783","플레이위드","유료","","",""
"","","","","","","","","","","","","점유율 등락","javascript:void(0);","이용시간 등락"
"122","한게임 장기","javascript:void(0);","보드","0.66","0.01","346","1,438","39","2,237","한게임","무료","","",""
"","","","","","","","","","","","","점유율 등락","javascript:void(0);","이용시간 등락"
"123","건즈 온라인","javascript:void(0);","FPS","0.03","0.01","280","1,346","45","1,818","웹젠","무료","","",""
"","","","","","","","","","","","","점유율 등락","javascript:void(0);","이용시간 등락"
"124","엠게임 컬투맞고","javascript:void(0);","보드","0.61","0.01","226","1,332","43","1,880","엠게임","무료","","",""
"","","","","","","","","","","","","점유율 등락","javascript:void(0);","이용시간 등락"
"125","한게임 더블맞고","javascript:void(0);","보드","0.61","0.01","229","1,322","45","1,781","한게임","무료","","",""
"","","","","","","","","","","","","점유율 등락","javascript:void(0);","이용시간 등락"
"126","피망 훌라","javascript:void(0);","보드","0.57","0.01","309","1,235","35","2,132","네오위즈","무료","","",""
"","","","","","","","","","","","","점유율 등락","javascript:void(0);","이용시간 등락"
"127","피망 하이로우","javascript:void(0);","보드","0.57","0.01","317","1,235","26","2,886","네오위즈","무료","","",""
"","","","","","","","","","","","","점유율 등락","javascript:void(0);","이용시간 등락"
"128","출조낚시왕","javascript:void(0);","스포츠","0.11","0.01","87","1,231","58","1,289","웹젠","유료","","",""
"","","","","","","","","","","","","점유율 등락","javascript:void(0);","이용시간 등락"
"129","미르의전설3","javascript:void(0);","RPG","0.10","0.01","65","1,226","119","634","와이디온라인","무료","","",""
"","","","","","","","","","","","","점유율 등락","javascript:void(0);","이용시간 등락"
"130","드래곤네스트","javascript:void(0);","RPG","0.09","0.01","86","1,165","105","668","넥슨","유료","","",""
"","","","","","","","","","","","","점유율 등락","javascript:void(0);","이용시간 등락"
"131","넷마블 장기","javascript:void(0);","보드","0.53","0.01","196","1,154","56","1,262","넷마블","무료","","",""
"","","","","","","","","","","","","점유율 등락","javascript:void(0);","이용시간 등락"
"132","그라나도에스파다","javascript:void(0);","RPG","0.09","0.01","66","1,114","87","760","한빛소프트","무료","","",""
"","","","","","","","","","","","","점유율 등락","javascript:void(0);","이용시간 등락"
"133","나이트 온라인","javascript:void(0);","RPG","0.09","0.01","61","1,096","123","536","엠게임","무료","","",""
"","","","","","","","","","","","","점유율 등락","javascript:void(0);","이용시간 등락"
"134","디지몬 마스터즈","javascript:void(0);","RPG","0.08","0.01","130","1,022","69","895","무브게임즈","유료","","",""
"","","","","","","","","","","","","점유율 등락","javascript:void(0);","이용시간 등락"
"135","군주온라인","javascript:void(0);","RPG","0.08","0.01","83","1,020","116","530","웹젠","유료","","",""
"","","","","","","","","","","","","점유율 등락","javascript:void(0);","이용시간 등락"
"136","귀혼","javascript:void(0);","RPG","0.08","0.01","97","1,017","80","801","웹젠","무료","","",""
"","","","","","","","","","","","","점유율 등락","javascript:void(0);","이용시간 등락"
"137","한게임 맞포커","javascript:void(0);","보드","0.46","0.01","776","1,007","5","13,205","한게임","무료","","",""
"","","","","","","","","","","","","점유율 등락","javascript:void(0);","이용시간 등락"
"138","엠게임 맞고","javascript:void(0);","보드","0.46","0.01","136","996","45","1,352","엠게임","무료","","",""
"","","","","","","","","","","","","점유율 등락","javascript:void(0);","이용시간 등락"
"139","넷마블 당구/포켓볼","javascript:void(0);","보드","0.46","0.01","164","993","46","1,313","넷마블","무료","","",""
"","","","","","","","","","","","","점유율 등락","javascript:void(0);","이용시간 등락"
"140","엠게임 장기","javascript:void(0);","보드","0.45","0.01","148","987","63","960","웹젠","무료","","",""
"","","","","","","","","","","","","점유율 등락","javascript:void(0);","이용시간 등락"
"141","피망 사천성플러스","javascript:void(0);","보드","0.43","0.01","215","925","43","1,311","네오위즈","무료","","",""
"","","","","","","","","","","","","점유율 등락","javascript:void(0);","이용시간 등락"
"142","미르의전설2 테스트","javascript:void(0);","RPG","0.07","0.01","36","832","110","454","와이디온라인","유료","","",""
"","","","","","","","","","","","","점유율 등락","javascript:void(0);","이용시간 등락"
"143","엠게임 하이로우","javascript:void(0);","보드","0.37","0.01","131","795","47","1,019","엠게임","무료","","",""
"","","","","","","","","","","","","점유율 등락","javascript:void(0);","이용시간 등락"
"144","라그하임","javascript:void(0);","RPG","0.06","0.01","41","784","140","352","마상소프트","유료","","",""
"","","","","","","","","","","","","점유율 등락","javascript:void(0);","이용시간 등락"
"145","넷마블 파워쿵쿵따","javascript:void(0);","보드","0.31","0.01","164","664","26","1,560","넷마블","무료","","",""
"","","","","","","","","","","","","점유율 등락","javascript:void(0);","이용시간 등락"
"146","이터널시티","javascript:void(0);","RPG","0.05","0.01","47","651","117","332","엠게임","유료","","",""
"","","","","","","","","","","","","점유율 등락","javascript:void(0);","이용시간 등락"
"147","천상비","javascript:void(0);","RPG","0.05","0.01","28","639","239","160","네오위즈","유료","","",""
"","","","","","","","","","","","","점유율 등락","javascript:void(0);","이용시간 등락"
"148","믹스마스터","javascript:void(0);","RPG","0.05","0.01","60","635","55","702","조이플","유료","","",""
"","","","","","","","","","","","","점유율 등락","javascript:void(0);","이용시간 등락"
"149","넷마블 플러스맞고","javascript:void(0);","보드","0.29","0.01","121","621","44","860","넷마블","무료","","",""
"","","","","","","","","","","","","점유율 등락","javascript:void(0);","이용시간 등락"
"150","넷마블 캐릭챗","javascript:void(0);","보드","0.28","0.01","49","611","116","318","넷마블","무료","","",""
"","","","","","","","","","","","","점유율 등락","javascript:void(0);","이용시간 등락"
"151","시티레이서","javascript:void(0);","레이싱","0.38","0.01","47","601","67","552","신윤인터네셔널 코리","무료","","",""
"","","","","","","","","","","","","점유율 등락","javascript:void(0);","이용시간 등락"
"152","어센던트 원","javascript:void(0);","RTS","0.01","0.01","347","594","70","512","넥슨","유료","","",""
"","","","","","","","","","","","","점유율 등락","javascript:void(0);","이용시간 등락"
"153","능력자X","javascript:void(0);","액션","0.13","0.01","61","580","80","426","웹젠","무료","","",""
"","","","","","","","","","","","","점유율 등락","javascript:void(0);","이용시간 등락"
"154","썬 온라인","javascript:void(0);","RPG","0.05","0.01","32","579","161","214","웹젠","유료","","",""
"","","","","","","","","","","","","점유율 등락","javascript:void(0);","이용시간 등락"
"155","젬파이터","javascript:void(0);","대전격투","3.02","0.01","64","539","53","616","웹젠","유료","","",""
"","","","","","","","","","","","","점유율 등락","javascript:void(0);","이용시간 등락"
"156","구룡쟁패","javascript:void(0);","RPG","0.04","0.01","28","502","137","220","한게임","무료","","",""
"","","","","","","","","","","","","점유율 등락","javascript:void(0);","이용시간 등락"
"157","크로노스","javascript:void(0);","RPG","0.04","0.01","19","496","131","232","네오위즈","유료","","",""
"","","","","","","","","","","","","점유율 등락","javascript:void(0);","이용시간 등락"
"158","피망 뉴포커","javascript:void(0);","보드","0.23","0.01","134","485","34","861","네오위즈","무료","","",""
"","","","","","","","","","","","","점유율 등락","javascript:void(0);","이용시간 등락"
"159","실크로드","javascript:void(0);","RPG","0.04","0.01","28","477","111","260","조이맥스","무료","","",""
"","","","","","","","","","","","","점유율 등락","javascript:void(0);","이용시간 등락"
"160","내 맘대로 Z9별","javascript:void(0);","RPG","0.04","0.01","39","451","79","354","코스모스엔터테인먼트","무료","","",""
"","","","","","","","","","","","","점유율 등락","javascript:void(0);","이용시간 등락"
"161","십이지천","javascript:void(0);","RPG","0.04","0.01","16","445","72","425","플레이위드","무료","","",""
"","","","","","","","","","","","","점유율 등락","javascript:void(0);","이용시간 등락"
"162","다크에덴 오리진","javascript:void(0);","RPG","0.04","0.01","46","425","81","322","소프톤 엔터테인먼트","유료","","",""
"","","","","","","","","","","","","점유율 등락","javascript:void(0);","이용시간 등락"
"163","피망 루미큐브","javascript:void(0);","보드","0.20","0.01","75","418","58","434","네오위즈","무료","","",""
"","","","","","","","","","","","","점유율 등락","javascript:void(0);","이용시간 등락"
"164","하이퍼유니버스","javascript:void(0);","액션","0.10","0.01","50","415","80","318","넥슨","유료","","",""
"","","","","","","","","","","","","점유율 등락","javascript:void(0);","이용시간 등락"
"165","씰온라인","javascript:void(0);","RPG","0.04","0.01","29","406","97","250","플레이위드","유료","","",""
"","","","","","","","","","","","","점유율 등락","javascript:void(0);","이용시간 등락"
"166","네이비필드","javascript:void(0);","RTS","0.01","0.01","30","404","48","512","에스디엔터넷","유료","","",""
"","","","","","","","","","","","","점유율 등락","javascript:void(0);","이용시간 등락"
"167","청풍명월","javascript:void(0);","캐주얼","5.28","0.01","30","402","136","184","네오위즈","유료","","",""
"","","","","","","","","","","","","점유율 등락","javascript:void(0);","이용시간 등락"
"168","넷마블 베가세+","javascript:void(0);","보드","0.19","0.01","125","402","28","900","넷마블","무료","","",""
"","","","","","","","","","","","","점유율 등락","javascript:void(0);","이용시간 등락"
"169","스키드러쉬","javascript:void(0);","레이싱","0.24","0.01","47","376","55","416","웹젠","무료","","",""
"","","","","","","","","","","","","점유율 등락","javascript:void(0);","이용시간 등락"
"170","칼온라인","javascript:void(0);","RPG","0.03","0.01","28","345","146","144","웹젠","유료","","",""
"","","","","","","","","","","","","점유율 등락","javascript:void(0);","이용시간 등락"
"171","이터널시티3","javascript:void(0);","RPG","0.03","0.01","35","332","79","258","플레이위드","유료","","",""
"","","","","","","","","","","","","점유율 등락","javascript:void(0);","이용시간 등락"
"172","뮤 이그니션","javascript:void(0);","RPG","0.03","0.01","17","305","219","90","웹젠","유료","","",""
"","","","","","","","","","","","","점유율 등락","javascript:void(0);","이용시간 등락"
"173","골프스타","javascript:void(0);","스포츠","0.03","0.01","19","274","70","240","컴투스","무료","","",""
"","","","","","","","","","","","","점유율 등락","javascript:void(0);","이용시간 등락"
"174","피망 틀린그림찾기","javascript:void(0);","보드","0.13","0.01","85","271","38","436","네오위즈","무료","","",""
"","","","","","","","","","","","","점유율 등락","javascript:void(0);","이용시간 등락"
"175","야채부락리","javascript:void(0);","RPG","0.03","0.01","80","270","39","428","넷마블","","","",""
"","","","","","","","","","","","","점유율 등락","javascript:void(0);","이용시간 등락"
"176","니다 온라인","javascript:void(0);","RPG","0.02","0.01","18","264","137","124","니다 엔터테인먼트","유료","","",""
"","","","","","","","","","","","","점유율 등락","javascript:void(0);","이용시간 등락"
"177","넷마블 어썰트기어","javascript:void(0);","아케이드","0.47","0.01","34","263","47","336","넷마블","무료","","",""
"","","","","","","","","","","","","점유율 등락","javascript:void(0);","이용시간 등락"
"178","엠게임 훌라","javascript:void(0);","보드","0.12","0.01","48","258","45","358","엠게임","무료","","",""
"","","","","","","","","","","","","점유율 등락","javascript:void(0);","이용시간 등락"
"179","피망 상하이플러스","javascript:void(0);","보드","0.12","0.01","38","244","59","248","네오위즈","무료","","",""
"","","","","","","","","","","","","점유율 등락","javascript:void(0);","이용시간 등락"
"180","넷마블 마작","javascript:void(0);","보드","0.11","0.01","33","237","45","342","넷마블","무료","","",""
"","","","","","","","","","","","","점유율 등락","javascript:void(0);","이용시간 등락"
"181","넷마블 파워알까기","javascript:void(0);","보드","0.11","0.01","107","230","18","772","넷마블","무료","","",""
"","","","","","","","","","","","","점유율 등락","javascript:void(0);","이용시간 등락"
"182","아레스 온라인","javascript:void(0);","RPG","0.02","0.01","15","215","76","170","엠게임","무료","","",""
"","","","","","","","","","","","","점유율 등락","javascript:void(0);","이용시간 등락"
"183","넷마블 오목","javascript:void(0);","보드","0.10","0.01","111","200","16","771","넷마블","무료","","",""
"","","","","","","","","","","","","점유율 등락","javascript:void(0);","이용시간 등락"
"184","넷마블 상하이","javascript:void(0);","보드","0.09","0.01","31","198","65","192","넷마블","무료","","",""
"","","","","","","","","","","","","점유율 등락","javascript:void(0);","이용시간 등락"
"185","엠게임 사천성","javascript:void(0);","보드","0.09","0.01","27","193","77","152","엠게임","무료","","",""
"","","","","","","","","","","","","점유율 등락","javascript:void(0);","이용시간 등락"
"186","디오","javascript:void(0);","RPG","0.02","0.01","6","176","147","70","네오위즈","무료","","",""
"","","","","","","","","","","","","점유율 등락","javascript:void(0);","이용시간 등락"
"187","에이카","javascript:void(0);","RPG","0.02","0.01","11","168","145","102","한빛소프트","유료","","",""
"","","","","","","","","","","","","점유율 등락","javascript:void(0);","이용시간 등락"
"188","트라비아2","javascript:void(0);","RPG","0.01","0.01","7","125","134","70","재미 인터랙티브","무료","","",""
"","","","","","","","","","","","","점유율 등락","javascript:void(0);","이용시간 등락"
"189","넷마블 타짜","javascript:void(0);","보드","0.06","0.01","32","124","34","220","넷마블","무료","","",""
"","","","","","","","","","","","","점유율 등락","javascript:void(0);","이용시간 등락"
"190","레전드 오브 소울즈","javascript:void(0);","RPG","0.01","0.01","8","124","93","86","네오위즈","무료","","",""
"","","","","","","","","","","","","점유율 등락","javascript:void(0);","이용시간 등락"
"191","피망 치코치코더큐브","javascript:void(0);","보드","0.06","0.01","27","113","45","166","넷마블","무료","","",""
"","","","","","","","","","","","","점유율 등락","javascript:void(0);","이용시간 등락"
"192","드로이얀 온라인","javascript:void(0);","RPG","0.01","0.01","9","111","83","80","웹젠","무료","","",""
"","","","","","","","","","","","","점유율 등락","javascript:void(0);","이용시간 등락"
"193","일랜시아","javascript:void(0);","RPG","0.01","0.01","31","108","32","198","넥슨","무료","","",""
"","","","","","","","","","","","","점유율 등락","javascript:void(0);","이용시간 등락"
"194","라펠즈","javascript:void(0);","RPG","0.01","0.01","4","108","368","20","갈라랩","무료","","",""
"","","","","","","","","","","","","점유율 등락","javascript:void(0);","이용시간 등락"
"195","포키포키","javascript:void(0);","액션","0.03","0.01","10","101","129","56","네오액트","무료","","",""
"","","","","","","","","","","","","점유율 등락","javascript:void(0);","이용시간 등락"
"196","로도스도 전기","javascript:void(0);","RPG","0.01","0.01","5","92","195","32","(주)엘엔케이로직코리아","유료","","",""
"","","","","","","","","","","","","점유율 등락","javascript:void(0);","이용시간 등락"
"197","피망 오목","javascript:void(0);","보드","0.04","0.01","19","83","49","104","네오위즈","무료","","",""
"","","","","","","","","","","","","점유율 등락","javascript:void(0);","이용시간 등락"
"198","엠게임 당구","javascript:void(0);","보드","0.04","0.01","7","82","76","68","엠게임","무료","","",""
"","","","","","","","","","","","","점유율 등락","javascript:void(0);","이용시간 등락"
"199","풍림화산","javascript:void(0);","RPG","0.01","0.01","2","78","112","48","엠게임","무료","","",""
"","","","","","","","","","","","","점유율 등락","javascript:void(0);","이용시간 등락"
"200","에이스온라인","javascript:void(0);","아케이드","0.13","0.01","3","69","235","48","마상소프트","무료","","",""
"","","","","","","","","","","","","점유율 등락","javascript:void(0);","이용시간 등락"
"201","엠게임 마작","javascript:void(0);","보드","0.04","0.01","17","68","37","116","엠게임","무료","","",""
"","","","","","","","","","","","","점유율 등락","javascript:void(0);","이용시간 등락"
"202","위드","javascript:void(0);","RPG","0.01","0.01","5","65","64","40","조이임팩트","유료","","",""
"","","","","","","","","","","","","점유율 등락","javascript:void(0);","이용시간 등락"
"203","라피스","javascript:void(0);","RPG","0.01","0.01","7","64","112","48","엠게임","무료","","",""
"","","","","","","","","","","","","점유율 등락","javascript:void(0);","이용시간 등락"
"204","피망 고스톱","javascript:void(0);","보드","0.03","0.01","12","46","51","60","네오위즈","무료","","",""
"","","","","","","","","","","","","점유율 등락","javascript:void(0);","이용시간 등락"
"205","타이젬 바둑","javascript:void(0);","보드","0.02","0.01","4","44","204","14","컴투스","유료","","",""
"","","","","","","","","","","","","점유율 등락","javascript:void(0);","이용시간 등락"
"206","히어로즈 인 더 스카이","javascript:void(0);","슈팅","0.18","0.01","2","33","118","8","게임어스","무료","","",""
"","","","","","","","","","","","","점유율 등락","javascript:void(0);","이용시간 등락"
"207","S4리그","javascript:void(0);","FPS","0.01","0.01","0","33","75","20","네오위즈","무료","","",""
"","","","","","","","","","","","","점유율 등락","javascript:void(0);","이용시간 등락"
"208","릴온라인","javascript:void(0);","RPG","0.01","0.01","0","33","59","36","가마소프트","유료","","",""
"","","","","","","","","","","","","점유율 등락","javascript:void(0);","이용시간 등락"
"209","프리프","javascript:void(0);","RPG","0.01","0.01","0","28","51","8","갈라랩","무료","","",""
"","","","","","","","","","","","","점유율 등락","javascript:void(0);","이용시간 등락"
"210","피망 섯다","javascript:void(0);","보드","0.02","0.01","1","28","177","12","네오위즈","무료","","",""
"","","","","","","","","","","","","점유율 등락","javascript:void(0);","이용시간 등락"
"211","열혈강호2","javascript:void(0);","RPG","0.01","0.01","1","25","41","12","엠게임","무료","","",""
"","","","","","","","","","","","","점유율 등락","javascript:void(0);","이용시간 등락"
"212","큐온라인","javascript:void(0);","스포츠","0.01","0.01","1","25","80","16","(주)인사이트큐브","무료","","",""
"","","","","","","","","","","","","점유율 등락","javascript:void(0);","이용시간 등락"
"213","홀릭2","javascript:void(0);","RPG","0.01","0.01","2","24","157","14","엠게임","무료","","",""
"","","","","","","","","","","","","점유율 등락","javascript:void(0);","이용시간 등락"
"214","온라인 삼국지","javascript:void(0);","RPG","0.01","0.01","1","22","20","38","(주)코스모스엔터테인먼트","무료","","",""
"","","","","","","","","","","","","점유율 등락","javascript:void(0);","이용시간 등락"
"215","엠게임 테마맞고","javascript:void(0);","보드","0.01","0.01","3","21","57","24","엠게임","무료","","",""
"","","","","","","","","","","","","점유율 등락","javascript:void(0);","이용시간 등락"
"216","엠게임 오목","javascript:void(0);","보드","0.01","0.01","5","19","22","40","엠게임","무료","","",""
"","","","","","","","","","","","","점유율 등락","javascript:void(0);","이용시간 등락"
"217","배틀필드2","javascript:void(0);","FPS","0.01","0.01","0","11","53","6","EA 게임즈","유료","","",""
"","","","","","","","","","","","","점유율 등락","javascript:void(0);","이용시간 등락"
"218","어둠의전설","javascript:void(0);","RPG","0.01","0.01","1","11","40","2","넥슨","무료","","",""
"","","","","","","","","","","","","점유율 등락","javascript:void(0);","이용시간 등락"
"219","군주Special","javascript:void(0);","RPG","0.01","0.01","1","11","35","12","벨로프","무료","","",""
"","","","","","","","","","","","","점유율 등락","javascript:void(0);","이용시간 등락"
"220","시아","javascript:void(0);","RPG","0.01","0.01","2","7","32","12","(주)태울코리아","유료","","",""
"","","","","","","","","","","","","점유율 등락","javascript:void(0);","이용시간 등락"
"221","넷마블 리치마블","javascript:void(0);","보드","0.01","0.01","2","4","17","16","넷마블","무료","","",""
"","","","","","","","","","","","","점유율 등락","javascript:void(0);","이용시간 등락"
"222","엘로아","javascript:void(0);","RPG","0.01","0.01","0","2","0","0","CJ인터넷","유료","","",""
"","","","","","","","","","","","","점유율 등락","javascript:void(0);","이용시간 등락"
"223","라키온","javascript:void(0);","RPG","0.01","0.01","1","1","9","2","CJ인터넷","무료","","",""
"","","","","","","","","","","","","점유율 등락","javascript:void(0);","이용시간 등락"
"224","로우바둑이(x64)","javascript:void(0);","보드","0.01","0.01","0","1","0","0","한게임","유료","","",""
"","","","","","","","","","","","","점유율 등락","javascript:void(0);","이용시간 등락"
"225","엠게임 포켓볼","javascript:void(0);","보드","0.01","0.01","2","1","9","2","엠게임","무료","","",""
"","","","","","","","","","","","","점유율 등락","javascript:void(0);","이용시간 등락"
"226","아스가르드","javascript:void(0);","RPG","0.01","0.01","0","1","0","0","넥슨","무료","","",""
"","","","","","","","","","","","","점유율 등락","javascript:void(0);","이용시간 등락"