,rank,change,name,service,genre
0,1,(-),블레이드&소울 레볼루션,Netmarble,롤플레잉
1,2,(-),리니지M,NCSOFT Corporation,롤플레잉
2,3,(-),브롤스타즈,Supercell,액션
3,4,(+2),오크: 전쟁의 서막,EFUN COMPANY,롤플레잉
4,5,(-1),리니지2 레볼루션,Netmarble Games,롤플레잉
5,6,(-1),배틀그라운드 모바일,PUBG CORPORATION,액션
6,7,(+5),포켓몬고,"NIANTIC, INC.",어드벤처
7,8,(-1),버닝: 매지컬소드,EYOUGAME INC.,롤플레잉
8,9,(-1),에픽세븐,SMILEGATE MEGAPORT,롤플레잉
9,10,(-),제5인격,X.D. GLOBAL,어드벤처
10,11,(-),프렌즈레이싱,KAKAO GAMES CORP.,자동차 경주
11,12,(+1),메이플스토리M,NEXON COMPANY,롤플레잉
12,13,(+1),모두의마블 for kakao,Netmarble,보드
13,14,(+1),세븐나이츠 for kakao,Netmarble,롤플레잉
14,15,(+3),냥코 대전쟁,PONOS Corporation,캐주얼 게임
15,16,(new),얼티밋 스쿨,X.D. GLOBAL,어드벤처
16,17,(-1),클래시 로얄,SUPERCELL,전략
17,18,(-9),다크에덴M,ENTERMATE,롤플레잉
18,19,(-),소녀전선,LONGCHENG LTD.,롤플레잉
19,20,(+2),라그나로크M: 영원한 사랑,LONGCHENG LTD.,롤플레잉
20,21,(+2),좀비고등학교,AWESOMEPIECE,아케이드
21,22,(+2),클래시 오브 클랜,SUPERCELL,전략
22,23,(-6),킹스레이드,VESPA INC.,롤플레잉
23,24,(-4),검은사막 모바일,PEARL ABYSS,롤플레잉
24,25,(-),마블 퓨처파이트,NETMARBLE GAMES,롤플레잉
25,26,(+4),서머너즈 워: 천공의 아레나,COM2US,롤플레잉
26,27,(-1),원피스 트레저 크루즈,BANDAI NAMCO ENTERTAINMENT INC.,롤플레잉
27,28,(+3),붕괴3rd,MIHOYO LIMITED,액션
28,29,(-1),포트리스M,APROGEN HEALTHCARE & GAMES INC.,액션
29,30,(new),아이러브니키 for kakao,KAKAO GAMES CORP.,시뮬레이션
30,31,(new),페이트 그랜드 오더,NETMARBLE GAMES,롤플레잉
31,32,(-11),외모지상주의,KAKAO GAMES CORP.,롤플레잉
0,1,(+1),리니지M,NCSOFT Corporation,롤플레잉
1,2,(-1),블레이드&소울 레볼루션,NETMARBLE,롤플레잉
2,3,(-),브롤스타즈,Supercell,액션
3,4,(+1),리니지2 레볼루션,Netmarble Games,롤플레잉
4,5,(+1),배틀그라운드 모바일,PUBG CORPORATION,액션
5,6,(+2),버닝: 매지컬소드,EYOUGAME INC.,롤플레잉
6,7,(+2),에픽세븐,SMILEGATE MEGAPORT,롤플레잉
7,8,(+2),제5인격,X.D. GLOBAL,어드벤처
8,9,(+3),메이플스토리M,NEXON COMPANY,롤플레잉
9,10,(+6),얼티밋 스쿨,X.D. GLOBAL,어드벤처
10,11,(+2),모두의마블 for kakao,Netmarble,보드
11,12,(-1),프렌즈레이싱,KAKAO GAMES CORP.,자동차경주
12,13,(+1),세븐나이츠 for kakao,Netmarble,롤플레잉
13,14,(-7),포켓몬고,"NIANTIC, INC.",어드벤처
14,15,(-),냥코 대전쟁,PONOS Corporation,캐주얼 게임
15,16,(-12),오크: 전쟁의 서막,EFUN COMPANY,롤플레잉
16,17,(-),클래시 로얄,SUPERCELL,전략
17,18,(+2),라그나로크M: 영원한 사랑,LONGCHENG LTD.,롤플레잉
18,19,(+2),좀비고등학교,AWESOMEPIECE,아케이드
19,20,(-1),소녀전선,LONGCHENG LTD.,롤플레잉
20,21,(new),레이븐,NETMARBLE GAMES,롤플레잉
21,22,(+3),마블 퓨처파이트,NETMARBLE GAMES,롤플레잉
22,23,(-5),다크에덴M,ENTERMATE,롤플레잉
23,24,(-2),클래시 오브 클랜,SUPERCELL,전략
24,25,(new),헬릭스 왈츠,NETMARBLE GAMES,롤플레잉
25,26,(-3),킹스레이드,VESPA INC.,롤플레잉
26,27,(-3),검은사막 모바일,PEARL ABYSS,롤플레잉
27,28,(-2),서머너즈 워: 천공의 아레나,COM2US,롤플레잉
28,29,(-2),원피스 트레저 크루즈,BANDAI NAMCO ENTERTAINMENT INC.,롤플레잉
29,30,(-2),붕괴3rd,MIHOYO LIMITED,액션
30,31,(-1),아이러브니키 for kakao,KAKAO GAMES CORP.,시뮬레이션
31,32,(-),외모지상주의,KAKAO GAMES CORP.,롤플레잉
0,1,(-),리니지M,NCSOFT Corporation,롤플레잉
1,2,(new),스피릿위시,NEXON Company,롤플레잉
2,3,(-1),블레이드&소울 레볼루션,NETMARBLE,롤플레잉
3,4,(-1),브롤스타즈,Supercell,액션
4,5,(-1),리니지2 레볼루션,Netmarble Games,롤플레잉
5,6,(new),헌드레드 소울,HOUND 13,롤플레잉
6,7,(-2),배틀그라운드 모바일,PUBG CORPORATION,액션
7,8,(-1),에픽세븐,SMILEGATE MEGAPORT,롤플레잉
8,9,(-1),제5인격,X.D. GLOBAL,어드벤처
9,10,(-),얼티밋 스쿨,X.D. GLOBAL,어드벤처
10,11,(-),모두의마블 for kakao,Netmarble,보드
11,12,(-3),메이플스토리M,NEXON COMPANY,롤플레잉
12,13,(+1),포켓몬고,"NIANTIC, INC.",어드벤처
13,14,(-2),프렌즈레이싱,KAKAO GAMES CORP.,자동차경주
14,15,(-),냥코 대전쟁,PONOS Corporation,캐주얼 게임
15,16,(-3),세븐나이츠 for kakao,Netmarble,롤플레잉
16,17,(-1),오크: 전쟁의 서막,EFUN COMPANY,롤플레잉
17,18,(+3),레이븐,NETMARBLE GAMES,롤플레잉
18,19,(new),헬릭스 왈츠,uBeeJoy,시뮬레이션
19,20,(-1),좀비고등학교,AWESOMEPIECE,아케이드
20,21,(-4),클래시 로얄,SUPERCELL,전략
21,22,(-),마블 퓨처파이트,NETMARBLE GAMES,롤플레잉
0,1,(-),리니지M,NCSOFT Corporation,롤플레잉
1,2,(-),스피릿위시,NEXON Company,롤플레잉
2,3,(-),블레이드&소울 레볼루션,NETMARBLE,롤플레잉
3,4,(-),브롤스타즈,Supercell,액션
4,5,(+1),헌드레드 소울,HOUND 13,롤플레잉
5,6,(new),라스트오리진,SmartJoy,롤플레잉
6,7,(-2),리니지2 레볼루션,PUBG CORPORATION,액션
7,8,(-),에픽세븐,SMILEGATE MEGAPORT,롤플레잉
8,9,(-2),배틀그라운드 모바일,PUBG CORPORATION,액션
9,10,(-1),제5인격,X.D. Global,어드벤처
10,11,(new),히어로칸타레 with NAVER WEBTOON,"NGEL GAMES Co.,Ltd.",롤플레잉
11,12,(-2),얼티밋 스쿨,X.D. GLOBAL,어드벤처
12,13,(-),포켓몬고,"NIANTIC, INC.",어드벤처
13,14,(-2),메이플스토리M,NEXON Company,롤플레잉
14,15,(-1),프렌즈레이싱,KAKAO GAMES CORP.,자동차경주
15,16,(-5),모두의마블 for kakao,Netmarble,보드
16,17,(-1),세븐나이츠 for kakao,Netmarble Games,롤플레잉
17,18,(-3),냥코 대전쟁,PONOS,캐주얼 게임
18,19,(-),헬릭스 왈츠,uBeeJoy,시뮬레이션
19,20,(new),아리엘,Eyougame Inc.,롤플레잉
20,21,(-3),레이븐,Netmarble Games,롤플레잉
21,22,(-5),오크: 전쟁의 서막,EFUN COMPANY,롤플레잉
22,23,(-2),좀비고등학교,AWESOMEPIECE,아케이드
23,24,(new),소녀전선,Longcheng Ltd.,롤플레잉
24,25,(-4),클래시 로얄,SUPERCELL,전략
25,26,(new),라그나로크M: 영원한 사랑,"GRAVITY Co., Ltd.",롤플레잉
26,27,(-5),마블 퓨처파이트,NETMARBLE GAMES,롤플레잉
27,28,(-4),검은사막 모바일,PEARL ABYSS,롤플레잉
28,29,(-6),클래시 오브 클랜,SUPERCELL,전략
29,30,(+2),포트리스M,APROGEN HEALTHCARE & GAMES INC.,액션
0,1,(-),리니지M,NCSOFT Corporation,롤플레잉
1,2,(-),스피릿위시,NEXON Company,롤플레잉
2,3,(-),블레이드&소울 레볼루션,NETMARBLE,롤플레잉
3,4,(-),브롤스타즈,Supercell,액션
4,5,(-),헌드레드 소울,HOUND 13,롤플레잉
5,6,(-),라스트오리진,SmartJoy,롤플레잉
6,7,(+15),오크: 전쟁의 서막,EFUN COMPANY,롤플레잉
7,8,(-1),리니지2 레볼루션,NETMARBLE GAMES,롤플레잉
8,9,(-),배틀그라운드 모바일,PUBG CORPORATION,액션
9,10,(+1),히어로칸타레 with NAVER WEBTOON,"NGEL GAMES CO.,LTD.",롤플레잉
10,11,(-3),에픽세븐,SMILEGATE MEGAPORT,롤플레잉
11,12,(-2),제5인격,X.D. GLOBAL,어드벤처
12,13,(-1),얼티밋 스쿨,X.D. GLOBAL,어드벤처
13,14,(-1),포켓몬고,"NIANTIC, INC.",어드벤처
14,15,(+5),아리엘,Eyougame Inc.,롤플레잉
15,16,(-1),프렌즈레이싱,KAKAO GAMES CORP.,자동차경주
16,17,(-3),메이플스토리M,NEXON COMPANY,롤플레잉
17,18,(+1),헬릭스 왈츠,uBeeJoy,시뮬레이션
18,19,(-3),모두의마블 for kakao,ETMARBLE GAMES,보드
19,20,(-3),세븐나이츠 for kakao,Netmarble Games,롤플레잉
20,21,(-3),냥코 대전쟁,PONOS,캐주얼 게임
21,22,(new),페이트 그랜드 오더,NETMARBLE GAMES,롤플레잉
22,23,(-2),레이븐,Netmarble Games,롤플레잉
23,24,(-1),좀비고등학교,AWESOMEPIECE,아케이드
24,25,(-),클래시 로얄,SUPERCELL,전략
25,26,(-2),소녀전선,LONGCHENG LTD.,롤플레잉
26,27,(-1),라그나로크M: 영원한 사랑,"GRAVITY CO., LTD.",롤플레잉
27,28,(-1),마블 퓨처파이트,NETMARBLE GAMES,롤플레잉
0,1,(+1),스피릿위시,NEXON Company,롤플레잉
1,2,(-1),리니지M,NCSOFT CORPORATION,롤플레잉
2,3,(+1),브롤스타즈,Supercell,액션
3,4,(-1),블레이드&소울 레볼루션,NETMARBLE,롤플레잉
4,5,(-),헌드레드 소울,HOUND 13,롤플레잉
5,6,(-),라스트오리진,SmartJoy,롤플레잉
6,7,(+3),히어로칸타레 with NAVER WEBTOON,"NGEL GAMES CO.,LTD.",롤플레잉
7,8,(+1),배틀그라운드 모바일,PUBG CORPORATION,액션
8,9,(-1),리니지2 레볼루션,NETMARBLE GAMES,롤플레잉
9,10,(-3),오크: 전쟁의 서막,EFUN COMPANY,롤플레잉
10,11,(+1),제5인격,X.D. GLOBAL,어드벤처
11,12,(-1),에픽세븐,SMILEGATE MEGAPORT,롤플레잉
12,13,(+2),아리엘,Eyougame Inc.,롤플레잉
13,14,(+3),메이플스토리M,NEXON COMPANY,롤플레잉
14,15,(-1),포켓몬고,"NIANTIC, INC.",어드벤처
15,16,(-),프렌즈레이싱,KAKAO GAMES CORP.,자동차경주
16,17,(+2),모두의마블 for kakao,ETMARBLE GAMES,보드
17,18,(+3),냥코 대전쟁,PONOS,캐주얼 게임
18,19,(+8),라그나로크M: 영원한 사랑,"GRAVITY CO., LTD.",롤플레잉
19,20,(+4),좀비고등학교,AWESOMEPIECE,아케이드
20,21,(-3),헬릭스 왈츠,UBEEJOY,시뮬레이션
21,22,(-2),세븐나이츠 for kakao,NETMARBLE GAMES,롤플레잉
22,23,(+3),소녀전선,LONGCHENG LTD.,롤플레잉
23,24,(+1),클래시 로얄,SUPERCELL,전략
24,25,(new),아이러브니키 for kakao,KAKAO GAMES CORP.,시뮬레이션
25,26,(-4),페이트 그랜드 오더,NETMARBLE GAMES,롤플레잉
26,27,(new),포트리스M,APROGEN HEALTHCARE & GAMES INC.,액션
27,28,(new),붕괴3rd,MIHOYO LIMITED,액션
0,1,(+1),리니지M,NCSOFT CORPORATION,롤플레잉
1,2,(+1),브롤스타즈,Supercell,액션
2,3,(+3),라스트오리진,SmartJoy,롤플레잉
3,4,(-),블레이드&소울 레볼루션,NETMARBLE,롤플레잉
4,5,(-4),스피릿위시,NEXON COMPANY,롤플레잉
5,6,(+2),배틀그라운드 모바일,PUBG CORPORATION,액션
6,7,(-2),헌드레드 소울,HOUND 13,롤플레잉
7,8,(-1),히어로칸타레 with NAVER WEBTOON,"NGEL GAMES CO.,LTD.",롤플레잉
8,9,(-),리니지2 레볼루션,NETMARBLE GAMES,롤플레잉
9,10,(-),오크: 전쟁의 서막,EFUN COMPANY,롤플레잉
10,11,(-),제5인격,X.D. GLOBAL,어드벤처
11,12,(-),에픽세븐,SMILEGATE MEGAPORT,롤플레잉
12,13,(+1),메이플스토리M,NEXON COMPANY,롤플레잉
13,14,(+1),포켓몬고,"NIANTIC, INC.",어드벤처
14,15,(+2),모두의마블 for kakao,ETMARBLE GAMES,보드
15,16,(-),프렌즈레이싱,KAKAO GAMES CORP.,자동차경주
16,17,(+1),냥코 대전쟁,PONOS,캐주얼 게임
17,18,(-5),아리엘,EYOUGAME INC.,롤플레잉
18,19,(-),라그나로크M: 영원한 사랑,"GRAVITY CO., LTD.",롤플레잉
19,20,(-),좀비고등학교,AWESOMEPIECE,아케이드
20,21,(+2),소녀전선,LONGCHENG LTD.,롤플레잉
21,22,(-),세븐나이츠 for kakao,NETMARBLE GAMES,롤플레잉
22,23,(+1),클래시 로얄,SUPERCELL,전략
23,24,(+1),아이러브니키 for kakao,KAKAO GAMES CORP.,시뮬레이션
24,25,(+3),붕괴3rd,MIHOYO LIMITED,액션
25,26,(-),페이트 그랜드 오더,NETMARBLE GAMES,롤플레잉
26,27,(new),검은사막 모바일,PEARL ABYSS,롤플레잉
27,28,(-1),포트리스M,APROGEN HEALTHCARE & GAMES INC.,액션
28,29,(-8),헬릭스 왈츠,UBEEJOY,시뮬레이션
29,30,(new),클래시 오브 클랜,SUPERCELL,전략
30,31,(new),킹스레이드,VESPA INC.,롤플레잉
31,32,(new),원피스 트레저 크루즈,BANDAI NAMCO ENTERTAINMENT INC.,롤플레잉
0,1,(-),리니지M,NCSOFT CORPORATION,롤플레잉
1,2,(-),브롤스타즈,Supercell,액션
2,3,(+3),배틀그라운드 모바일,PUBG CORPORATION,액션
3,4,(-),블레이드&소울 레볼루션,NETMARBLE,롤플레잉
4,5,(-2),라스트오리진,SMARTJOY,롤플레잉
5,6,(-1),스피릿위시,NEXON COMPANY,롤플레잉
6,7,(-),헌드레드 소울,HOUND 13,롤플레잉
7,8,(+1),리니지2 레볼루션,NETMARBLE GAMES,롤플레잉
8,9,(+2),제5인격,X.D. GLOBAL,어드벤처
9,10,(-2),히어로칸타레 with NAVER WEBTOON,"NGEL GAMES CO.,LTD.",롤플레잉
10,11,(+1),에픽세븐,SMILEGATE MEGAPORT,롤플레잉
11,12,(+1),메이플스토리M,NEXON COMPANY,롤플레잉
12,13,(+1),포켓몬고,"NIANTIC, INC.",어드벤처
13,14,(+1),모두의마블 for kakao,ETMARBLE GAMES,보드
14,15,(+2),냥코 대전쟁,PONOS,캐주얼 게임
15,16,(-),프렌즈레이싱,KAKAO GAMES CORP.,자동차경주
16,17,(-7),오크: 전쟁의 서막,EFUN COMPANY,롤플레잉
17,18,(+1),라그나로크M: 영원한 사랑,"GRAVITY CO., LTD.",롤플레잉
18,19,(+1),좀비고등학교,AWESOMEPIECE,아케이드
19,20,(-2),아리엘,EYOUGAME INC.,롤플레잉
20,21,(-),소녀전선,LONGCHENG LTD.,롤플레잉
21,22,(+2),아이러브니키 for kakao,KAKAO GAMES CORP.,시뮬레이션
22,23,(-),클래시 로얄,SUPERCELL,전략
23,24,(-2),세븐나이츠 for kakao,NETMARBLE GAMES,롤플레잉
24,25,(+2),검은사막 모바일,PEARL ABYSS,롤플레잉
25,26,(-1),붕괴3rd,MIHOYO LIMITED,액션
26,27,(-1),페이트 그랜드 오더,NETMARBLE GAMES,롤플레잉
27,28,(new),쿠키런: 오븐브레이크,DEVSISTERS CORPORATION,아케이드
28,29,(new),마블 퓨처파이트,NETMARBLE GAMES,롤플레잉
29,30,(new),원피스 트레저 크루즈,BANDAI NAMCO ENTERTAINMENT INC.,롤플레잉
30,31,(-),킹스레이드,VESPA INC.,롤플레잉
0,1,(-),리니지M,NCSOFT CORPORATION,롤플레잉
1,2,(new),ROBLOX,Roblox Corporation,어드벤처
2,3,(-1),브롤스타즈,SUPERCELL,액션
3,4,(-1),배틀그라운드 모바일,PUBG CORPORATION,액션
4,5,(-1),블레이드&소울 레볼루션,NETMARBLE,롤플레잉
5,6,(-1),라스트오리진,SMARTJOY,롤플레잉
6,7,(-),헌드레드 소울,HOUND 13,롤플레잉
7,8,(-),리니지2 레볼루션,NETMARBLE GAMES,롤플레잉
8,9,(-3),스피릿위시,NEXON COMPANY,롤플레잉
9,10,(-1),제5인격,X.D. GLOBAL,어드벤처
10,11,(+2),포켓몬고,"NIANTIC, INC.",어드벤처
11,12,(-),메이플스토리M,NEXON COMPANY,롤플레잉
12,13,(-2),에픽세븐,SMILEGATE MEGAPORT,롤플레잉
13,14,(+1),냥코 대전쟁,PONOS,캐주얼 게임
14,15,(-1),모두의마블 for kakao,NETMARBLE GAMES,보드
15,16,(+1),오크: 전쟁의 서막,EFUN COMPANY,롤플레잉
16,17,(+8),검은사막 모바일,PEARL ABYSS,롤플레잉
17,18,(-),라그나로크M: 영원한 사랑,"GRAVITY CO., LTD.",롤플레잉
18,19,(-),좀비고등학교,AWESOMEPIECE,아케이드
19,20,(-4),프렌즈레이싱,KAKAO GAMES CORP.,자동차경주
20,21,(+1),아이러브니키 for kakao,KAKAO GAMES CORP.,시뮬레이션
21,22,(+2),세븐나이츠 for kakao,NETMARBLE GAMES,롤플레잉
22,23,(+2),소녀전선,LONGCHENG LTD.,롤플레잉
23,24,(-12),히어로칸타레 with NAVER WEBTOON,"NGEL GAMES CO.,LTD.",롤플레잉
24,25,(+6),킹스레이드,VESPA INC.,롤플레잉
25,26,(-6),아리엘,EYOUGAME INC.,롤플레잉
26,27,(-4),클래시 로얄,SUPERCELL,전략
27,28,(-2),붕괴3rd,MIHOYO LIMITED,액션
28,29,(+1),원피스 트레저 크루즈,BANDAI NAMCO ENTERTAINMENT INC.,롤플레잉
29,30,(-3),페이트 그랜드 오더,NETMARBLE GAMES.,롤플레잉
30,31,(-3),쿠키런: 오븐브레이크,DEVSISTERS CORPORATION,아케이드
0,1,(-),리니지M,NCSOFT CORPORATION,롤플레잉
1,2,(+1),브롤스타즈,SUPERCELL,액션
2,3,(-1),ROBLOX,Roblox Corporation,어드벤처
3,4,(-),배틀그라운드 모바일,PUBG CORPORATION,액션
4,5,(-),블레이드&소울 레볼루션,NETMARBLE,롤플레잉
5,6,(-),라스트오리진,SMARTJOY,롤플레잉
6,7,(+1),리니지2 레볼루션,NETMARBLE GAMES,롤플레잉
7,8,(-1),헌드레드 소울,HOUND 13,롤플레잉
8,9,(+13),세븐나이츠 for kakao,NETMARBLE GAMES,롤플레잉
9,10,(-),제5인격,X.D. GLOBAL,어드벤처
10,11,(-2),스피릿위시,NEXON COMPANY,롤플레잉
11,12,(-1),포켓몬고,"NIANTIC, INC.",어드벤처
12,13,(+4),검은사막 모바일,PEARL ABYSS,롤플레잉
13,14,(-),냥코 대전쟁,PONOS,캐주얼 게임
14,15,(-3),메이플스토리M,NEXON COMPANY,롤플레잉
15,16,(-),오크: 전쟁의 서막,EFUN COMPANY,롤플레잉
16,17,(-4),에픽세븐,PEARL ABYSS,롤플레잉
17,18,(-3),모두의마블 for kakao,NETMARBLE GAMES,보드
18,19,(-),좀비고등학교,AWESOMEPIECE,아케이드
19,20,(+5),킹스레이드,VESPA INC.,롤플레잉
20,21,(+2),소녀전선,LONGCHENG LTD.,롤플레잉
21,22,(-4),라그나로크M: 영원한 사랑,"GRAVITY CO., LTD.",롤플레잉
22,23,(-3),프렌즈레이싱,KAKAO GAMES CORP.,자동차경주
23,24,(+3),클래시 로얄,SUPERCELL,전략
24,25,(+4),원피스 트레저 크루즈,BANDAI NAMCO ENTERTAINMENT INC.,롤플레잉
25,26,(new),마블 퓨처파이트,NETMARBLE GAMES,롤플레잉
26,27,(-1),아리엘,EYOUGAME INC.,롤플레잉
27,28,(-),붕괴3rd,MIHOYO LIMITED,액션
28,29,(new),신명,TRIGIRLS STUDIO,롤플레잉
29,30,(+1),쿠키런: 오븐브레이크,DEVSISTERS CORPORATION,아케이드
30,31,(-7),히어로칸타레 with NAVER WEBTOON,"NGEL GAMES CO.,LTD.",롤플레잉
0,1,(-),리니지M,NCSOFT CORPORATION,롤플레잉
1,2,(-),브롤스타즈,SUPERCELL,액션
2,3,(-),ROBLOX,Roblox Corporation,어드벤처
3,4,(-),배틀그라운드 모바일,PUBG CORPORATION,액션
4,5,(-),블레이드&소울 레볼루션,NETMARBLE,롤플레잉
5,6,(new),마스터 탱커,WEBZEN INC.,롤플레잉
6,7,(-1),라스트오리진,SMARTJOY,롤플레잉
7,8,(new),린: 더 라이트브링어,NEXON COMPANY,롤플레잉
8,9,(-),세븐나이츠 for kakao,NETMARBLE GAMES,롤플레잉
9,10,(-3),리니지2 레볼루션,NETMARBLE GAMES,롤플레잉
10,11,(new),사무라이 쇼다운M,JOYCITY CORP.,롤플레잉
11,12,(-2),제5인격,X.D. GLOBAL,어드벤처
12,13,(-5),헌드레드 소울,HOUND 13,롤플레잉
13,14,(-1),검은사막 모바일,PEARL ABYSS,롤플레잉
14,15,(-3),포켓몬고,"NIANTIC, INC.",어드벤처
15,16,(-1),메이플스토리M,NEXON COMPANY,롤플레잉
16,17,(-3),냥코 대전쟁,PONOS,캐주얼 게임
17,18,(-2),오크: 전쟁의 서막,EFUN COMPANY,롤플레잉
18,19,(-8),스피릿위시,NEXON COMPANY,롤플레잉
19,20,(-3),에픽세븐,SMILEGATE MEGAPORT,롤플레잉
20,21,(-3),모두의마블 for kakao,NETMARBLE GAMES,보드
21,22,(-2),킹스레이드,VESPA INC.,롤플레잉
22,23,(-4),좀비고등학교,AWESOMEPIECE,아케이드
23,24,(-2),라그나로크M: 영원한 사랑,"GRAVITY CO., LTD.",롤플레잉
24,25,(-4),소녀전선,LONGCHENG LTD.,롤플레잉
25,26,(-3),프렌즈레이싱,KAKAO GAMES CORP.,자동차경주
26,27,(-1),마블 퓨처파이트,NETMARBLE GAMES,롤플레잉
27,28,(-3),원피스 트레저 크루즈,BANDAI NAMCO ENTERTAINMENT INC.,롤플레잉
28,29,(-5),클래시 로얄,SUPERCELL,전략
29,30,(-),쿠키런: 오븐브레이크,DEVSISTERS CORPORATION,아케이드
30,31,(-2),신명,TRIGIRLS STUDIO,롤플레잉
0,1,(-),리니지M,NCSOFT CORPORATION,롤플레잉
1,2,(new),크레이지아케이드 BnB M,NEXON COMPANY,아케이드
2,3,(-1),브롤스타즈,SUPERCELL,액션
3,4,(-1),ROBLOX,Roblox Corporation,어드벤처
4,5,(+3),린: 더 라이트브링어,NEXON COMPANY,롤플레잉
5,6,(-),마스터 탱커,WEBZEN INC.,롤플레잉
6,7,(-2),블레이드&소울 레볼루션,NETMARBLE,롤플레잉
7,8,(-1),라스트오리진,SMARTJOY,롤플레잉
8,9,(-5),배틀그라운드 모바일,PUBG CORPORATION,액션
9,10,(-1),세븐나이츠 for kakao,NETMARBLE GAMES,롤플레잉
10,11,(-),사무라이 쇼다운M,JOYCITY CORP.,롤플레잉
11,12,(-2),리니지2 레볼루션,NETMARBLE GAMES,롤플레잉
12,13,(-1),제5인격,X.D. GLOBAL,어드벤처
13,14,(+2),메이플스토리M,NEXON COMPANY,롤플레잉
14,15,(-2),헌드레드 소울,HOUND 13,롤플레잉
15,16,(+1),냥코 대전쟁,PONOS,캐주얼 게임
16,17,(-2),포켓몬고,"NIANTIC, INC.",어드벤처
17,18,(-4),검은사막 모바일,PEARL ABYSS,롤플레잉
18,19,(-1),오크: 전쟁의 서막,EFUN COMPANY,롤플레잉
19,20,(+2),킹스레이드,VESPA INC.,롤플레잉
20,21,(-1),에픽세븐,SMILEGATE MEGAPORT,롤플레잉
21,22,(+2),라그나로크M: 영원한 사랑,"GRAVITY CO., LTD.",롤플레잉
22,23,(-2),모두의마블 for kakao,NETMARBLE GAMES,보드
23,24,(-1),좀비고등학교,AWESOMEPIECE,아케이드
24,25,(-6),스피릿위시,NEXON COMPANY,롤플레잉
25,26,(-),프렌즈레이싱,KAKAO GAMES CORP.,자동차경주
26,27,(-2),소녀전선,LONGCHENG LTD.,롤플레잉
27,28,(-1),마블 퓨처파이트,NETMARBLE GAMES,롤플레잉
28,29,(-1),원피스 트레저 크루즈,BANDAI NAMCO ENTERTAINMENT INC.,롤플레잉
29,30,(-1),클래시 로얄,SUPERCELL,전략
30,31,(new),붕괴3rd,MIHOYO LIMITED,액션
0,1,(-),리니지M,NCSOFT CORPORATION,롤플레잉
1,2,(-),크레이지아케이드 BnB M,NEXON COMPANY,아케이드
2,3,(-),브롤스타즈,SUPERCELL,액션
3,4,(-),ROBLOX,Roblox Corporation,어드벤처
4,5,(-),린: 더 라이트브링어,NEXON COMPANY,롤플레잉
5,6,(-),마스터 탱커,WEBZEN INC.,롤플레잉
6,7,(-),블레이드&소울 레볼루션,NETMARBLE,롤플레잉
7,8,(-),라스트오리진,SMARTJOY,롤플레잉
8,9,(+1),세븐나이츠 for kakao,NETMARBLE GAMES,롤플레잉
9,10,(+1),사무라이 쇼다운M,JOYCITY CORP.,롤플레잉
10,11,(-2),배틀그라운드 모바일,PUBG CORPORATION,액션
11,12,(new),프린세스 커넥트! Re:Dive,카카오게임즈,롤플레잉
12,13,(-1),리니지2 레볼루션,NETMARBLE GAMES,롤플레잉
13,14,(-),메이플스토리M,NEXON COMPANY,롤플레잉
14,15,(-2),제5인격,X.D. GLOBAL,어드벤처
15,16,(+6),라그나로크M: 영원한 사랑,"GRAVITY CO., LTD.",롤플레잉
16,17,(-2),헌드레드 소울,HOUND 13,롤플레잉
17,18,(-2),냥코 대전쟁,PONOS,캐주얼 게임
18,19,(+5),좀비고등학교,AWESOMEPIECE,아케이드
19,20,(-3),포켓몬고,"NIANTIC, INC.",어드벤처
20,21,(-2),오크: 전쟁의 서막,EFUN COMPANY,롤플레잉
21,22,(-2),킹스레이드,VESPA INC.,롤플레잉
22,23,(-2),에픽세븐,SMILEGATE MEGAPORT,롤플레잉
23,24,(-1),모두의마블 for kakao,NETMARBLE GAMES,보드
24,25,(-7),검은사막 모바일,PEARL ABYSS,롤플레잉
25,26,(-1),스피릿위시,NEXON COMPANY,롤플레잉
26,27,(+1),마블 퓨처파이트,NETMARBLE GAMES,롤플레잉
27,28,(-1),소녀전선,LONGCHENG LTD.,롤플레잉
28,29,(-3),프렌즈레이싱,KAKAO GAMES CORP.,자동차경주
29,30,(-1),원피스 트레저 크루즈,BANDAI NAMCO ENTERTAINMENT INC.,롤플레잉
30,31,(-1),클래시 로얄,SUPERCELL,전략
0,1,(+1),크레이지아케이드 BnB M,NEXON COMPANY,아케이드
1,2,(-1),리니지M,NCSOFT CORPORATION,롤플레잉
2,3,(-),브롤스타즈,SUPERCELL,액션
3,4,(-),ROBLOX,Roblox Corporation,어드벤처
4,5,(-),린: 더 라이트브링어,NEXON COMPANY,롤플레잉
5,6,(-),마스터 탱커,WEBZEN INC.,롤플레잉
6,7,(-),블레이드&소울 레볼루션,NETMARBLE,롤플레잉
7,8,(+4),프린세스 커넥트! Re:Dive,카카오게임즈,롤플레잉
8,9,(-1),라스트오리진,SMARTJOY,롤플레잉
9,10,(-),사무라이 쇼다운M,JOYCITY CORP.,롤플레잉
10,11,(-),배틀그라운드 모바일,PUBG CORPORATION,액션
11,12,(+1),리니지2 레볼루션,NETMARBLE GAMES,롤플레잉
12,13,(-4),세븐나이츠 for kakao,NETMARBLE GAMES,롤플레잉
13,14,(-),메이플스토리M,NEXON COMPANY,롤플레잉
14,15,(-),제5인격,X.D. GLOBAL,어드벤처
15,16,(-),라그나로크M: 영원한 사랑,"GRAVITY CO., LTD.",롤플레잉
16,17,(+1),냥코 대전쟁,PONOS,캐주얼 게임
17,18,(+1),좀비고등학교,AWESOMEPIECE,아케이드
18,19,(+3),킹스레이드,VESPA INC.,롤플레잉
19,20,(-),포켓몬고,"NIANTIC, INC.",어드벤처
20,21,(-4),헌드레드 소울,EFUN COMPANY,롤플레잉
21,22,(+1),에픽세븐,SMILEGATE MEGAPORT,롤플레잉
22,23,(+1),모두의마블 for kakao,NETMARBLE GAMES,보드
23,24,(-3),오크: 전쟁의 서막,EFUN COMPANY,롤플레잉
24,25,(+2),마블 퓨처파이트,NETMARBLE GAMES,롤플레잉
25,26,(-1),검은사막 모바일,PEARL ABYSS,롤플레잉
26,27,(new),클래시 오브 클랜,SUPERCELL,전략
27,28,(+1),프렌즈레이싱,KAKAO GAMES CORP.,자동차경주
28,29,(-1),소녀전선,LONGCHENG LTD.,롤플레잉
29,30,(-4),스피릿위시,NEXON COMPANY,롤플레잉
30,31,(-),클래시 로얄,SUPERCELL,전략
0,1,(-),크레이지아케이드 BnB M,NEXON COMPANY,아케이드
1,2,(-),리니지M,NCSOFT CORPORATION,롤플레잉
2,3,(-),브롤스타즈,SUPERCELL,액션
3,4,(-),ROBLOX,Roblox Corporation,어드벤처
4,5,(-),린: 더 라이트브링어,NEXON COMPANY,롤플레잉
5,6,(+2),프린세스 커넥트! Re:Dive,카카오게임즈,롤플레잉
6,7,(-),블레이드&소울 레볼루션,NETMARBLE,롤플레잉
7,8,(-2),마스터 탱커,WEBZEN INC.,롤플레잉
8,9,(-),라스트오리진,SMARTJOY,롤플레잉
9,10,(+1),배틀그라운드 모바일,PUBG CORPORATION,액션
10,11,(+1),리니지2 레볼루션,NETMARBLE GAMES,롤플레잉
11,12,(-2),사무라이 쇼다운M,JOYCITY CORP.,롤플레잉
12,13,(+1),메이플스토리M,NEXON COMPANY,롤플레잉
13,14,(-1),세븐나이츠 for kakao,NETMARBLE GAMES,롤플레잉
14,15,(+1),라그나로크M: 영원한 사랑,"GRAVITY CO., LTD.",롤플레잉
15,16,(-1),제5인격,X.D. GLOBAL,어드벤처
16,17,(+1),좀비고등학교,AWESOMEPIECE,아케이드
17,18,(-1),냥코 대전쟁,PONOS,캐주얼 게임
18,19,(+1),포켓몬고,"NIANTIC, INC.",어드벤처
19,20,(-1),킹스레이드,VESPA INC.,롤플레잉
20,21,(+1),에픽세븐,SMILEGATE MEGAPORT,롤플레잉
21,22,(-1),헌드레드 소울,HOUND 13,롤플레잉
22,23,(-),모두의마블 for kakao,NETMARBLE GAMES,보드
23,24,(-),오크: 전쟁의 서막,EFUN COMPANY,롤플레잉
24,25,(new),맨트라,CENTURY GAME (DIANDIAN INTERACTIVE),롤플레잉
25,26,(new),블리치 - 사신 격투,DENA HONG KONG LIMITED,롤플레잉
26,27,(-2),마블 퓨처파이트,NETMARBLE GAMES,롤플레잉
27,28,(-1),클래시 오브 클랜,SUPERCELL,전략
28,29,(-),소녀전선,LONGCHENG LTD.,롤플레잉
29,30,(new),페이트 그랜드 오더,NETMARBLE GAMES,롤플레잉
30,31,(new),붕괴3rd,MIHOYO LIMITED,액션
0,1,(-),크레이지아케이드 BnB M,NEXON COMPANY,아케이드
1,2,(new),트라하,NEXON COMPANY,롤플레잉
2,3,(-1),리니지M,NCSOFT CORPORATION,롤플레잉
3,4,(-1),브롤스타즈,SUPERCELL,액션
4,5,(-1),ROBLOX,Roblox Corporation,어드벤처
5,6,(new),라이프애프터,X.D. GLOBAL,어드벤처
6,7,(-1),프린세스 커넥트! Re:Dive,카카오게임즈,롤플레잉
7,8,(-1),블레이드&소울 레볼루션,NETMARBLE,롤플레잉
8,9,(-4),린: 더 라이트브링어,NEXON COMPANY,롤플레잉
9,10,(-),배틀그라운드 모바일,PUBG CORPORATION,액션
10,11,(-2),라스트오리진,SMARTJOY,롤플레잉
11,12,(-1),리니지2 레볼루션,NETMARBLE GAMES,롤플레잉
12,13,(-),메이플스토리M,NEXON COMPANY,롤플레잉
13,14,(+2),제5인격,X.D. GLOBAL,어드벤처
14,15,(-7),마스터 탱커,WEBZEN INC.,롤플레잉
15,16,(+1),좀비고등학교,AWESOMEPIECE,아케이드
16,17,(-2),라그나로크M: 영원한 사랑,"GRAVITY CO., LTD.",롤플레잉
17,18,(-),냥코 대전쟁,PONOS,캐주얼 게임
18,19,(-5),세븐나이츠 for kakao,NETMARBLE GAMES,롤플레잉
19,20,(+5),맨트라,CENTURY GAME (DIANDIAN INTERACTIVE),롤플레잉
20,21,(-9),사무라이 쇼다운M,JOYCITY CORP.,롤플레잉
21,22,(-3),포켓몬고,"NIANTIC, INC.",어드벤처
22,23,(-1),헌드레드 소울,HOUND 13,롤플레잉
23,24,(-4),킹스레이드,VESPA INC.,롤플레잉
24,25,(-4),에픽세븐,SMILEGATE MEGAPORT,롤플레잉
25,26,(-),블리치 - 사신 격투,DENA HONG KONG LIMITED,롤플레잉
26,27,(-4),모두의마블 for kakao,NETMARBLE GAMES,보드
27,28,(-4),오크: 전쟁의 서막,EFUN COMPANY,롤플레잉
28,29,(-2),마블 퓨처파이트,NETMARBLE GAMES,롤플레잉
29,30,(-2),클래시 오브 클랜,SUPERCELL,전략
30,31,(new),검은사막 모바일,PEARL ABYSS,롤플레잉
31,32,(-2),페이트 그랜드 오더,Netmarble,롤플레잉
32,33,(+2),히어로칸타레 with NAVER WEBTOON,"NGEL GAMES Co.,Ltd.",롤플레잉
33,34,(-),클래시 로얄,Supercell,전략
34,35,(-6),소녀전선,X.D. Global,롤플레잉
35,36,(-5),붕괴3rd,miHoYo Limited,액션
36,37,(-4),프렌즈레이싱,Kakao Games Corp.,레이싱
37,38,(-2),원피스 트레저 크루즈,BANDAI NAMCO Entertainment Inc.,롤플레잉
38,39,(+1),레이븐: New WORLD,Netmarble,롤플레잉
39,40,(-2),미라클,Hazard Games,롤플레잉
0,1,(+1),트라하,NEXON Company,롤플레잉
1,2,(-1),크레이지아케이드 BnB M,NEXON Company,롤플레잉
2,3,(-),리니지M,NCSOFT Corporation,롤플레잉
3,4,(-),브롤스타즈,Supercell,액션
4,5,(+1),라이프애프터,X.D. Global,어드벤처
5,6,(+6),리니지2 레볼루션,Netmarble,롤플레잉
6,7,(-2),ROBLOX,Roblox Corporation,어드벤처
7,8,(-1),프린세스 커넥트! Re:Dive,Kakao Games Corp.,롤플레잉
8,9,(+22),검은사막 모바일,PEARL ABYSS,롤플레잉
9,10,(-2),블레이드&소울 레볼루션,Netmarble,롤플레잉
10,11,(-2),린: 더 라이트브링어,NEXON Company,롤플레잉
11,12,(-2),배틀그라운드 모바일,PUBG CORPORATION,액션
12,13,(-),메이플스토리M,NEXON Company,롤플레잉
13,14,(+15),마블 퓨처파이트,Netmarble,롤플레잉
14,15,(+1),좀비고등학교,AWESOMEPIECE,아케이드
15,16,(-5),라스트오리진,smart joy,롤플레잉
16,17,(+2),세븐나이츠 for kakao,Netmarble,롤플레잉
17,18,(+8),블리치 - 사신 격투,DeNA HONG KONG LIMITED,롤플레잉
18,19,(+1),맨트라,Century Game (DIANDIAN INTERACTIVE),롤플레잉
19,20,(-6),제5인격,X.D. Global,어드벤처
20,21,(-3),냥코 대전쟁,PONOS Corporation,캐주얼 게임
21,22,(+1),헌드레드 소울,HOUND 13,액션
22,23,(-1),포켓몬고,"Niantic, Inc.",어드벤처
23,24,(+3),모두의마블 for kakao,Netmarble,보드
24,25,(-),에픽세븐,Smilegate Megaport,롤플레잉
25,26,(-2),킹스레이드,Vespa Inc.,롤플레잉
26,27,(-10),라그나로크M: 영원한 사랑,"GRAVITY Co., Ltd.",롤플레잉
27,28,(-13),마스터 탱커,WEBZEN INC.,롤플레잉
28,29,(+1),클래시 오브 클랜,Supercell,전략
29,30,(-9),사무라이 쇼다운M,JOYCITY Corp.,롤플레잉
30,31,(NEW),히어로칸타레 with NAVER WEBTOON,"NGEL GAMES Co.,Ltd.",롤플레잉
0,1,(-),트라하,NEXON Company,롤플레잉
1,2,(+1),리니지M,NCSOFT Corporation,롤플레잉
2,3,(-1),크레이지아케이드 BnB M,NEXON Company,아케이드
3,4,(NEW),프렌즈 타운,Kakao Games Corp.,퍼즐
4,5,(-1),브롤스타즈,Supercell,액션
5,6,(-1),라이프애프터,X.D. Global,어드벤처
6,7,(-),ROBLOX,Roblox Corporation,어드벤처
7,8,(-2),리니지2 레볼루션,Netmarble,롤플레잉
8,9,(+1),블레이드&소울 레볼루션,Netmarble,롤플레잉
9,10,(-1),검은사막 모바일,PEARL ABYSS,롤플레잉
10,11,(-3),프린세스 커넥트! Re:Dive,Kakao Games Corp.,롤플레잉
11,12,(+3),좀비고등학교,AWESOMEPIECE,아케이드
12,13,(-2),린: 더 라이트브링어,NEXON Company,롤플레잉
13,14,(-2),배틀그라운드 모바일,PUBG CORPORATION,액션
14,15,(NEW),더 킹 오브 파이터즈 올스타 (체험판),Netmarble,롤플레잉
15,16,(-3),메이플스토리M,NEXON Company,롤플레잉
16,17,(-3),마블 퓨처파이트,Netmarble,롤플레잉
17,18,(-),블리치 - 사신 격투,DeNA HONG KONG LIMITED,롤플레잉
18,19,(+4),포켓몬고,"Niantic, Inc.",어드벤처
19,20,(-1),맨트라,Century Game (DIANDIAN INTERACTIVE),롤플레잉
20,21,(-4),세븐나이츠 for kakao,Netmarble,롤플레잉
21,22,(-2),제5인격,X.D. Global,어드벤처
22,23,(-7),라스트오리진,smart joy,롤플레잉
23,24,(-3),냥코 대전쟁,PONOS Corporation,캐주얼 게임
24,25,(-3),헌드레드 소울,HOUND 13,액션
25,26,(+5),히어로칸타레 with NAVER WEBTOON,"NGEL GAMES Co.,Ltd.",롤플레잉
26,27,(-2),에픽세븐,Smilegate Megaport,롤플레잉
27,28,(-4),모두의마블 for kakao,Netmarble,보드
28,29,(NEW),이사만루2018,Netmarble,스포츠
29,30,(-3),라그나로크M: 영원한 사랑,"GRAVITY Co., Ltd.",롤플레잉
30,31,(-5),킹스레이드,Vespa Inc.,롤플레잉
0,1,(-),트라하,NEXON Company,롤플레잉
1,2,(+13),더 킹 오브 파이터즈 올스타,Netmarble,롤플레잉
2,3,(+1),프렌즈 타운,Kakao Games Corp.,퍼즐
3,4,(-2),리니지M,NCSOFT Corporation,롤플레잉
4,5,(-),브롤스타즈,Supercell,액션
5,6,(-),라이프애프터,X.D. Global,어드벤처
6,7,(+1),리니지2 레볼루션,Netmarble,롤플레잉
7,8,(-1),ROBLOX,Roblox Corporation,어드벤처
8,9,(-),블레이드&소울 레볼루션,Netmarble,롤플레잉
9,10,(-),검은사막 모바일,PEARL ABYSS,롤플레잉
10,11,(-8),크레이지아케이드 BnB M,NEXON Company,아케이드
11,12,(-1),프린세스 커넥트! Re:Dive,Kakao Games Corp.,롤플레잉
12,13,(+6),포켓몬고,"Niantic, Inc.",어드벤처
13,14,(-2),좀비고등학교,AWESOMEPIECE,아케이드
14,15,(+2),마블 퓨처파이트,Netmarble,롤플레잉
15,16,(-3),린: 더 라이트브링어,NEXON Company,롤플레잉
16,17,(-3),배틀그라운드 모바일,PUBG CORPORATION,액션
17,18,(-2),메이플스토리M,NEXON Company,롤플레잉
18,19,(-1),블리치 - 사신 격투,DeNA HONG KONG LIMITED,롤플레잉
19,20,(+6),히어로칸타레 with NAVER WEBTOON,"NGEL GAMES Co.,Ltd.",롤플레잉
20,21,(+1),제5인격,X.D. Global,어드벤처
21,22,(-2),세븐나이츠 for kakao,Netmarble,롤플레잉
22,23,(-),라스트오리진,smart joy,롤플레잉
23,24,(-),냥코 대전쟁,PONOS Corporation,캐주얼 게임
24,25,(-),헌드레드 소울,HOUND 13,액션
25,26,(+1),에픽세븐,Smilegate Megaport,롤플레잉
26,27,(-7),맨트라,Century Game (DIANDIAN INTERACTIVE),롤플레잉
27,28,(-),모두의마블 for kakao,Netmarble,보드
28,29,(+4),클래시 로얄,Supercell,전략
29,30,(+4),페이트 그랜드 오더,Netmarble,롤플레잉
30,31,(-),킹스레이드,Vespa Inc.,롤플레잉
0,1,(+1),더 킹 오브 파이터즈 올스타,Netmarble,롤플레잉
1,2,(+1),프렌즈 타운,Kakao Games Corp.,퍼즐
2,3,(-2),트라하,NEXON Company,롤플레잉
3,4,(-),리니지M,NCSOFT Corporation,롤플레잉
4,5,(-),브롤스타즈,Supercell,액션
5,6,(+1),리니지2 레볼루션,Netmarble,롤플레잉
6,7,(+1),ROBLOX,Roblox Corporation,어드벤처
7,8,(+2),검은사막 모바일,PEARL ABYSS,롤플레잉
8,9,(-),블레이드&소울 레볼루션,Netmarble,롤플레잉
9,10,(-4),라이프애프터,X.D. Global,어드벤처
10,11,(+1),프린세스 커넥트! Re:Dive,Kakao Games Corp.,롤플레잉
11,12,(+3),마블 퓨처파이트,Netmarble,롤플레잉
12,13,(-),포켓몬고,"Niantic, Inc.",어드벤처
13,14,(-),좀비고등학교,AWESOMEPIECE,아케이드
14,15,(+2),배틀그라운드 모바일,PUBG CORPORATION,액션
15,16,(+2),메이플스토리M,NEXON Company,롤플레잉
16,17,(-1),린: 더 라이트브링어,NEXON Company,롤플레잉
17,18,(+2),히어로칸타레 with NAVER WEBTOON,"NGEL GAMES Co.,Ltd.",롤플레잉
18,19,(+2),제5인격,X.D. Global,어드벤처
19,20,(+8),모두의마블 for kakao,Netmarble,보드
20,21,(+3),냥코 대전쟁,PONOS Corporation,캐주얼 게임
21,22,(+1),라스트오리진,smart joy,롤플레잉
22,23,(+3),에픽세븐,Smilegate Megaport,롤플레잉
23,24,(-5),블리치 - 사신 격투,DeNA HONG KONG LIMITED,롤플레잉
24,25,(-),헌드레드 소울,HOUND 13,액션
25,26,(-4),세븐나이츠 for kakao,Netmarble,롤플레잉
26,27,(+6),소녀전선,X.D. Global,롤플레잉
27,28,(NEW),이사만루2018,Netmarble,스포츠
28,29,(+6),클래시 오브 클랜,Supercell,전략
29,30,(-1),클래시 로얄,Supercell,전략
30,31,(-1),페이트 그랜드 오더,Netmarble,롤플레잉
0,1,(-),더 킹 오브 파이터즈 올스타,Netmarble,롤플레잉
1,2,(+3),브롤스타즈,Supercell,액션
2,3,(-1),프렌즈 타운,Kakao Games Corp.,퍼즐
3,4,(-),리니지M,NCSOFT Corporation,롤플레잉
4,5,(NEW),카발 모바일,ESTgames Corp.,롤플레잉
5,6,(-3),트라하,NEXON Company,롤플레잉
6,7,(-),ROBLOX,Roblox Corporation,어드벤처
7,8,(NEW),아르카,"GAMELAND(HK)CO.,LIMITED",롤플레잉
8,9,(-1),검은사막 모바일,PEARL ABYSS,롤플레잉
9,10,(-1),블레이드&소울 레볼루션,Netmarble,롤플레잉
10,11,(+1),마블 퓨처파이트,Netmarble,롤플레잉
11,12,(NEW),드래곤라자2,"Skymoons Technology, Inc",롤플레잉
12,13,(-3),라이프애프터,X.D. Global,어드벤처
13,14,(-8),리니지2 레볼루션,Netmarble,롤플레잉
14,15,(-2),포켓몬고,"Niantic, Inc.",어드벤처
15,16,(-5),프린세스 커넥트! Re:Dive,Kakao Games Corp.,롤플레잉
16,17,(-3),좀비고등학교,AWESOMEPIECE,아케이드
17,18,(-3),배틀그라운드 모바일,PUBG CORPORATION,액션
18,19,(+5),블리치 - 사신 격투,DeNA HONG KONG LIMITED,롤플레잉
19,20,(-4),메이플스토리M,NEXON Company,롤플레잉
20,21,(-2),제5인격,X.D. Global,어드벤처
21,22,(-4),히어로칸타레 with NAVER WEBTOON,"NGEL GAMES Co.,Ltd.",롤플레잉
22,23,(-6),린: 더 라이트브링어,NEXON Company,롤플레잉
23,24,(-3),냥코 대전쟁,PONOS Corporation,캐주얼 게임
24,25,(+1),세븐나이츠 for kakao,Netmarble,롤플레잉
25,26,(+10),쿠키런: 오븐브레이크,Devsisters Corporation,아케이드
26,27,(-5),라스트오리진,smart joy,롤플레잉
27,28,(-5),에픽세븐,Smilegate Megaport,롤플레잉
28,29,(-9),모두의마블 for kakao,Netmarble,보드
29,30,(-),클래시 로얄,Supercell,전략
30,31,(-4),소녀전선,X.D. Global,롤플레잉
0,1,(-),더 킹 오브 파이터즈 올스타,Netmarble,롤플레잉
1,2,(-),브롤스타즈,Supercell,액션
2,3,(+1),리니지M,NCSOFT Corporation,롤플레잉
3,4,(+1),카발 모바일,ESTgames Corp.,롤플레잉
4,5,(+2),ROBLOX,Roblox Corporation,어드벤처
5,6,(+2),아르카,"GAMELAND(HK)CO.,LIMITED",롤플레잉
6,7,(-1),트라하,NEXON Company,롤플레잉
7,8,(+1),검은사막 모바일,PEARL ABYSS,롤플레잉
8,9,(+3),드래곤라자2,"Skymoons Technology, Inc",롤플레잉
9,10,(+6),프린세스 커넥트! Re:Dive,Kakao Games Corp.,롤플레잉
10,11,(+4),포켓몬고,"Niantic, Inc.",어드벤처
11,12,(-1),마블 퓨처파이트,Netmarble,롤플레잉
12,13,(+1),리니지2 레볼루션,Netmarble,롤플레잉
13,14,(-1),라이프애프터,X.D. Global,어드벤처
14,15,(-5),블레이드&소울 레볼루션,Netmarble,롤플레잉
15,16,(+2),배틀그라운드 모바일,PUBG CORPORATION,액션
16,17,(-),좀비고등학교,AWESOMEPIECE,아케이드
17,18,(+2),메이플스토리M,NEXON Company,롤플레잉
18,19,(NEW),일령계획,Longtu Korea Inc.,롤플레잉
19,20,(+1),제5인격,X.D. Global,어드벤처
20,21,(+3),냥코 대전쟁,PONOS Corporation,캐주얼 게임
21,22,(+3),세븐나이츠 for kakao,Netmarble,롤플레잉
22,23,(-),린: 더 라이트브링어,NEXON Company,롤플레잉
23,24,(-2),히어로칸타레 with NAVER WEBTOON,"NGEL GAMES Co.,Ltd.",롤플레잉
24,25,(+2),라스트오리진,smart joy,롤플레잉
25,26,(+3),모두의마블 for kakao,Netmarble,보드
26,27,(+1),에픽세븐,Smilegate Megaport,롤플레잉
27,28,(+2),클래시 로얄,Supercell,전략
28,29,(+2),소녀전선,X.D. Global,롤플레잉
29,30,(NEW),클래시 오브 클랜,Supercell,전략
30,31,(NEW),원피스 트레저 크루즈,BANDAI NAMCO Entertainment Inc.,롤플레잉
0,1,(NEW),일곱개의 대죄: 그랜드 크로스,Netmarble,롤플레잉
1,2,(-),브롤스타즈,Supercell,액션
2,3,(-2),더 킹 오브 파이터즈 올스타,Netmarble,롤플레잉
3,4,(-1),리니지M,NCSOFT Corporation,롤플레잉
4,5,(-1),카발 모바일,ESTgames Corp.,롤플레잉
5,6,(-1),ROBLOX,Roblox Corporation,어드벤처
6,7,(-),트라하,NEXON Company,롤플레잉
7,8,(-2),아르카,"GAMELAND(HK)CO.,LIMITED",롤플레잉
8,9,(NEW),랑그릿사,ZlongGames,전략
9,10,(-2),검은사막 모바일,PEARL ABYSS,롤플레잉
10,11,(-2),드래곤라자2,"Skymoons Technology, Inc",롤플레잉
11,12,(-2),프린세스 커넥트! Re:Dive,Kakao Games Corp.,롤플레잉
12,13,(-),리니지2 레볼루션,Netmarble,롤플레잉
13,14,(-3),포켓몬고,"Niantic, Inc.",어드벤처
14,15,(-3),마블 퓨처파이트,Netmarble,롤플레잉
15,16,(-2),라이프애프터,X.D. Global,어드벤처
16,17,(+1),메이플스토리M,NEXON Company,롤플레잉
17,18,(-1),좀비고등학교,AWESOMEPIECE,아케이드
18,19,(-3),배틀그라운드 모바일,PUBG CORPORATION,액션
19,20,(-5),블레이드&소울 레볼루션,Netmarble,롤플레잉
20,21,(-2),일령계획,Longtu Korea Inc.,롤플레잉
21,22,(-1),냥코 대전쟁,PONOS Corporation,캐주얼 게임
22,23,(-3),제5인격,X.D. Global,어드벤처
23,24,(+7),원피스 트레저 크루즈,BANDAI NAMCO Entertainment Inc.,롤플레잉
24,25,(-3),세븐나이츠 for kakao,Netmarble,롤플레잉
25,26,(-1),라스트오리진,smart joy,롤플레잉
26,27,(-4),린: 더 라이트브링어,NEXON Company,롤플레잉
27,28,(-1),에픽세븐,Smilegate Megaport,롤플레잉
28,29,(+1),클래시 오브 클랜,Supercell,전략
29,30,(-4),모두의마블 for kakao,Netmarble,보드
30,31,(-2),소녀전선,X.D. Global,롤플레잉
0,1,(-),일곱개의 대죄: 그랜드 크로스,Netmarble,롤플레잉
1,2,(-),브롤스타즈,Supercell,액션
2,3,(+1),리니지M,NCSOFT Corporation,롤플레잉
3,4,(-1),더 킹 오브 파이터즈 올스타,Netmarble,롤플레잉
4,5,(-),카발 모바일,ESTgames Corp.,롤플레잉
5,6,(+3),랑그릿사,ZlongGames,전략
6,7,(-1),ROBLOX,Roblox Corporation,어드벤처
7,8,(-),아르카,"GAMELAND(HK)CO.,LIMITED",롤플레잉
8,9,(-2),트라하,NEXON Company,롤플레잉
9,10,(-),검은사막 모바일,PEARL ABYSS,롤플레잉
10,11,(+2),리니지2 레볼루션,Netmarble,롤플레잉
11,12,(-1),드래곤라자2,"Skymoons Technology, Inc",롤플레잉
12,13,(+1),포켓몬고,"Niantic, Inc.",어드벤처
13,14,(+6),블레이드&소울 레볼루션,Netmarble,롤플레잉
14,15,(-3),프린세스 커넥트! Re:Dive,Kakao Games Corp.,롤플레잉
15,16,(-1),마블 퓨처파이트,Netmarble,롤플레잉
16,17,(+1),좀비고등학교,AWESOMEPIECE,아케이드
17,18,(-2),라이프애프터,X.D. Global,어드벤처
18,19,(+2),일령계획,Longtu Korea Inc.,롤플레잉
19,20,(-1),배틀그라운드 모바일,PUBG CORPORATION,액션
20,21,(+2),제5인격,X.D. Global,어드벤처
21,22,(-),냥코 대전쟁,PONOS Corporation,캐주얼 게임
22,23,(+1),원피스 트레저 크루즈,BANDAI NAMCO Entertainment Inc.,롤플레잉
23,24,(+1),세븐나이츠 for kakao,Netmarble,롤플레잉
24,25,(+4),클래시 오브 클랜,Supercell,전략
25,26,(-),라스트오리진,smart joy,롤플레잉
26,27,(+1),에픽세븐,Smilegate Megaport,롤플레잉
27,28,(+2),모두의마블 for kakao,Netmarble,보드
28,29,(-2),린: 더 라이트브링어,NEXON Company,롤플레잉
29,30,(+3),클래시 로얄,Supercell,전략
30,31,(-),소녀전선,X.D. Global,롤플레잉
0,1,(-),일곱개의 대죄: 그랜드 크로스,Netmarble,롤플레잉
1,2,(+1),리니지M,NCSOFT Corporation,롤플레잉
2,3,(-1),브롤스타즈,Supercell,액션
3,4,(+2),랑그릿사,ZlongGames,전략
4,5,(+6),리니지2 레볼루션,Netmarble,롤플레잉
5,6,(-2),더 킹 오브 파이터즈 올스타,Netmarble,롤플레잉
6,7,(-),ROBLOX,Roblox Corporation,어드벤처
7,8,(+2),검은사막 모바일,PEARL ABYSS,롤플레잉
8,9,(-),트라하,NEXON Company,롤플레잉
9,10,(+4),블레이드&소울 레볼루션,Netmarble,롤플레잉
10,11,(+2),포켓몬고,"Niantic, Inc.",어드벤처
11,12,(-4),아르카,"GAMELAND(HK)CO.,LIMITED",롤플레잉
12,13,(NEW),메이플스토리M,NEXON Company,롤플레잉
13,14,(+1),프린세스 커넥트! Re:Dive,Kakao Games Corp.,롤플레잉
14,15,(+1),마블 퓨처파이트,Netmarble,롤플레잉
15,16,(-11),카발 모바일,ESTgames Corp.,롤플레잉
16,17,(+3),배틀그라운드 모바일,PUBG CORPORATION,액션
17,18,(-1),좀비고등학교,AWESOMEPIECE,아케이드
18,19,(-),일령계획,Longtu Korea Inc.,롤플레잉
19,20,(-8),드래곤라자2,"Skymoons Technology, Inc",롤플레잉
20,21,(-3),라이프애프터,X.D. Global,어드벤처
21,22,(-1),제5인격,X.D. Global,어드벤처
22,23,(-1),냥코 대전쟁,PONOS Corporation,캐주얼 게임
23,24,(+1),클래시 오브 클랜,Supercell,전략
24,25,(+2),에픽세븐,Smilegate Megaport,롤플레잉
25,26,(-3),원피스 트레저 크루즈,BANDAI NAMCO Entertainment Inc.,롤플레잉
26,27,(-3),세븐나이츠 for kakao,Netmarble,롤플레잉
27,28,(-),모두의마블 for kakao,Netmarble,보드
28,29,(+1),클래시 로얄,Supercell,전략
29,30,(-4),라스트오리진,smart joy,롤플레잉
30,31,(-),소녀전선,X.D. Global,롤플레잉
0,1,(-),일곱개의 대죄: 그랜드 크로스,Netmarble,롤플레잉
1,2,(-),리니지M,NCSOFT Corporation,롤플레잉
2,3,(NEW),로한M,PLAYWITH Inc.,롤플레잉
3,4,(-1),브롤스타즈,Supercell,액션
4,5,(-),리니지2 레볼루션,Netmarble,롤플레잉
5,6,(NEW),BTS WORLD,Netmarble,캐주얼 게임
6,7,(-),ROBLOX,Roblox Corporation,어드벤처
7,8,(-2),더 킹 오브 파이터즈 올스타,Netmarble,롤플레잉
8,9,(-5),랑그릿사,ZlongGames,전략
9,10,(-2),검은사막 모바일,PEARL ABYSS,롤플레잉
10,11,(-1),블레이드&소울 레볼루션,Netmarble,롤플레잉
11,12,(-1),포켓몬고,"Niantic, Inc.",어드벤처
12,13,(NEW),탈리온,GAMEVIL,롤플레잉
13,14,(-5),트라하,NEXON Company,롤플레잉
14,15,(-2),메이플스토리M,NEXON Company,롤플레잉
15,16,(-4),아르카,"GAMELAND(HK)CO.,LIMITED",롤플레잉
16,17,(+1),좀비고등학교,AWESOMEPIECE,아케이드
17,18,(-4),프린세스 커넥트! Re:Dive,Kakao Games Corp.,롤플레잉
18,19,(-3),배틀그라운드 모바일,PUBG CORPORATION,액션
19,20,(+6),원피스 트레저 크루즈,BANDAI NAMCO Entertainment Inc.,롤플레잉
20,21,(-6),마블 퓨처파이트,Netmarble,롤플레잉
21,22,(-1),라이프애프터,X.D. Global,어드벤처
22,23,(+2),에픽세븐,Smilegate Megaport,롤플레잉
23,24,(-2),제5인격,X.D. Global,어드벤처
24,25,(-2),냥코 대전쟁,PONOS Corporation,캐주얼 게임
25,26,(+2),모두의마블 for kakao,Netmarble,보드
26,27,(NEW),쿠키런: 오븐브레이크,Devsisters Corporation,아케이드
27,28,(-1),세븐나이츠 for kakao,Netmarble,롤플레잉
28,29,(-5),클래시 오브 클랜,Supercell,전략
29,30,(-14),카발 모바일,ESTgames Corp.,롤플레잉
30,31,(-2),클래시 로얄,Supercell,전략
0,1,(-),일곱개의 대죄: 그랜드 크로스,Netmarble,롤플레잉
1,2,(-),리니지M,NCSOFT Corporation,롤플레잉
2,3,(+1),브롤스타즈,Supercell,액션
3,4,(-1),로한M,PLAYWITH Inc.,롤플레잉
4,5,(-),리니지2 레볼루션,Netmarble,롤플레잉
5,6,(-),BTS WORLD,Netmarble,캐주얼 게임
6,7,(+1),더 킹 오브 파이터즈 올스타,Netmarble,롤플레잉
7,8,(-1),ROBLOX,Roblox Corporation,어드벤처
8,9,(-),랑그릿사,ZlongGames,전략
9,10,(-),검은사막 모바일,PEARL ABYSS,롤플레잉
10,11,(-),블레이드&소울 레볼루션,Netmarble,롤플레잉
11,12,(+1),탈리온,GAMEVIL,롤플레잉
12,13,(-1),포켓몬고,"Niantic, Inc.",어드벤처
13,14,(+1),메이플스토리M,NEXON Company,롤플레잉
14,15,(+8),에픽세븐,Smilegate Megaport,롤플레잉
15,16,(-2),트라하,NEXON Company,롤플레잉
16,17,(-),좀비고등학교,AWESOMEPIECE,아케이드
17,18,(+1),배틀그라운드 모바일,PUBG CORPORATION,액션
18,19,(-3),아르카,"GAMELAND(HK)CO.,LIMITED",롤플레잉
19,20,(+4),제5인격,X.D. Global,어드벤처
20,21,(+1),라이프애프터,X.D. Global,어드벤처
21,22,(+3),냥코 대전쟁,PONOS Corporation,캐주얼 게임
22,23,(-5),프린세스 커넥트! Re:Dive,Kakao Games Corp.,롤플레잉
23,24,(+3),쿠키런: 오븐브레이크,Devsisters Corporation,아케이드
24,25,(+6),클래시 로얄,Supercell,전략
25,26,(+3),클래시 오브 클랜,Supercell,전략
26,27,(+5),라스트오리진,smart joy,롤플레잉
27,28,(-),세븐나이츠 for kakao,Netmarble,롤플레잉
28,29,(+4),소녀전선,X.D. Global,롤플레잉
29,30,(+5),킹스레이드,Vespa Inc.,롤플레잉
30,31,(-5),모두의마블 for kakao,Netmarble,보드
0,1,(+1),리니지M,NCSOFT Corporation,롤플레잉
1,2,(+2),로한M,PLAYWITH Inc.,롤플레잉
2,3,(-2),일곱개의 대죄: 그랜드 크로스,Netmarble,롤플레잉
3,4,(-1),브롤스타즈,Supercell,액션
4,5,(-),리니지2 레볼루션,Netmarble,롤플레잉
5,6,(+3),랑그릿사,ZlongGames,전략
6,7,(+3),검은사막 모바일,PEARL ABYSS,롤플레잉
7,8,(-),ROBLOX,Roblox Corporation,어드벤처
8,9,(-3),BTS WORLD,Netmarble,캐주얼 게임
9,10,(-3),더 킹 오브 파이터즈 올스타,Netmarble,롤플레잉
10,11,(-),블레이드&소울 레볼루션,Netmarble,롤플레잉
11,12,(-),탈리온,GAMEVIL,롤플레잉
12,13,(+2),에픽세븐,Smilegate Megaport,롤플레잉
13,14,(-1),포켓몬고,"Niantic, Inc.",어드벤처
14,15,(-1),메이플스토리M,NEXON Company,롤플레잉
15,16,(+1),좀비고등학교,AWESOMEPIECE,아케이드
16,17,(-1),트라하,NEXON Company,롤플레잉
17,18,(+10),세븐나이츠 for kakao,Netmarble,롤플레잉
18,19,(+1),제5인격,X.D. Global,어드벤처
19,20,(-2),배틀그라운드 모바일,PUBG CORPORATION,액션
20,21,(+1),냥코 대전쟁,PONOS Corporation,캐주얼 게임
21,22,(-3),아르카,"GAMELAND(HK)CO.,LIMITED",롤플레잉
22,23,(-),프린세스 커넥트! Re:Dive,Kakao Games Corp.,롤플레잉
23,24,(-3),라이프애프터,X.D. Global,어드벤처
24,25,(-1),쿠키런: 오븐브레이크,Devsisters Corporation,아케이드
25,26,(-1),클래시 로얄,Supercell,전략
26,27,(-),라스트오리진,smart joy,롤플레잉
27,28,(+2),킹스레이드,Vespa Inc.,롤플레잉
28,29,(+2),모두의마블 for kakao,Netmarble,보드
29,30,(-4),클래시 오브 클랜,Supercell,전략
30,31,(-2),소녀전선,X.D. Global,롤플레잉
0,1,(+1),로한M,PLAYWITH Inc.,롤플레잉
1,2,(-1),리니지M,NCSOFT Corporation,롤플레잉
2,3,(+1),브롤스타즈,Supercell,액션
3,4,(-1),일곱개의 대죄: 그랜드 크로스,Netmarble,롤플레잉
4,5,(+2),검은사막 모바일,PEARL ABYSS,롤플레잉
5,6,(-1),리니지2 레볼루션,Netmarble,롤플레잉
6,7,(+1),ROBLOX,Roblox Corporation,어드벤처
7,8,(+1),BTS WORLD,Netmarble,캐주얼 게임
8,9,(+1),더 킹 오브 파이터즈 올스타,Netmarble,롤플레잉
9,10,(+3),에픽세븐,Smilegate Megaport,롤플레잉
10,11,(-5),랑그릿사,ZlongGames,전략
11,12,(-1),블레이드&소울 레볼루션,Netmarble,롤플레잉
12,13,(+2),메이플스토리M,NEXON Company,롤플레잉
13,14,(-2),탈리온,GAMEVIL,롤플레잉
14,15,(-1),포켓몬고,"Niantic, Inc.",어드벤처
15,16,(new),마블 퓨처파이트,Netmarble,롤플레잉
16,17,(-1),좀비고등학교,AWESOMEPIECE,아케이드
17,18,(+2),배틀그라운드 모바일,PUBG CORPORATION,액션
18,19,(-),제5인격,X.D. Global,어드벤처
19,20,(-3),트라하,NEXON Company,롤플레잉
20,21,(-),냥코 대전쟁,PONOS Corporation,캐주얼 게임
21,22,(+1),프린세스 커넥트! Re:Dive,Kakao Games Corp.,롤플레잉
22,23,(+4),라스트오리진,smart joy,롤플레잉
23,24,(-),라이프애프터,X.D. Global,어드벤처
24,25,(+1),클래시 로얄,Supercell,전략
25,26,(-8),세븐나이츠 for kakao,Netmarble,롤플레잉
26,27,(-2),쿠키런: 오븐브레이크,Devsisters Corporation,아케이드
27,28,(-),킹스레이드,Vespa Inc.,롤플레잉
28,29,(-7),아르카,"GAMELAND(HK)CO.,LIMITED",롤플레잉
29,30,(-1),모두의마블 for kakao,Netmarble,보드
30,31,(+1),붕괴3rd,miHoYo Limited,액션
0,1,(+1),리니지M,NCSOFT Corporation,롤플레잉
1,2,(+2),브롤스타즈,Supercell,액션
2,3,(-2),로한M,PLAYWITH Inc.,롤플레잉
3,4,(-),일곱개의 대죄: 그랜드 크로스,Netmarble,롤플레잉
4,5,(-),검은사막 모바일,PEARL ABYSS,롤플레잉
5,6,(+1),ROBLOX,Roblox Corporation,어드벤처
6,7,(+2),더 킹 오브 파이터즈 올스타,Netmarble,롤플레잉
7,8,(-2),리니지2 레볼루션,Netmarble,롤플레잉
8,9,(+1),에픽세븐,Smilegate Megaport,롤플레잉
9,10,(+1),랑그릿사,ZlongGames,전략
10,11,(+2),메이플스토리M,NEXON Company,롤플레잉
11,12,(+3),포켓몬고,"Niantic, Inc.",어드벤처
12,13,(-1),블레이드&소울 레볼루션,Netmarble,롤플레잉
13,14,(-6),BTS WORLD,Netmarble,캐주얼 게임
14,15,(+1),마블 퓨처파이트,Netmarble,롤플레잉
15,16,(+3),제5인격,X.D. Global,어드벤처
16,17,(+1),배틀그라운드 모바일,PUBG CORPORATION,액션
17,18,(-1),좀비고등학교,AWESOMEPIECE,아케이드
18,19,(+1),트라하,NEXON Company,롤플레잉
19,20,(+1),냥코 대전쟁,PONOS Corporation,캐주얼 게임
20,21,(-7),탈리온,GAMEVIL,롤플레잉
21,22,(+1),라스트오리진,smart joy,롤플레잉
22,23,(-1),프린세스 커넥트! Re:Dive,Kakao Games Corp.,롤플레잉
23,24,(+2),세븐나이츠 for kakao,Netmarble,롤플레잉
24,25,(-),클래시 로얄,Supercell,전략
25,26,(+2),킹스레이드,Vespa Inc.,롤플레잉
26,27,(-3),라이프애프터,X.D. Global,어드벤처
27,28,(+2),모두의마블 for kakao,Netmarble,보드
28,29,(-2),쿠키런: 오븐브레이크,Devsisters Corporation,아케이드
29,30,(+1),붕괴3rd,miHoYo Limited,액션
30,31,(+2),소녀전선,X.D. Global,롤플레잉
0,1,(-),리니지M,NCSOFT Corporation,롤플레잉
1,2,(-),브롤스타즈,Supercell,액션
2,3,(+1),일곱개의 대죄: 그랜드 크로스,Netmarble,롤플레잉
3,4,(-1),로한M,PLAYWITH Inc.,롤플레잉
4,5,(+1),ROBLOX,Roblox Corporation,어드벤처
5,6,(-1),검은사막 모바일,PEARL ABYSS,롤플레잉
6,7,(new),라플라스M,Zilong Game Limited,롤플레잉
7,8,(-1),더 킹 오브 파이터즈 올스타,Netmarble,롤플레잉
8,9,(-1),리니지2 레볼루션,Netmarble,롤플레잉
9,10,(-1),에픽세븐,Smilegate Megaport,롤플레잉
10,11,(-1),랑그릿사,ZlongGames,전략
11,12,(-1),메이플스토리M,NEXON Company,롤플레잉
12,13,(-1),포켓몬고,"Niantic, Inc.",어드벤처
13,14,(-1),블레이드&소울 레볼루션,Netmarble,롤플레잉
14,15,(+1),제5인격,X.D. Global,어드벤처
15,16,(+1),배틀그라운드 모바일,PUBG CORPORATION,액션
16,17,(-2),마블 퓨처파이트,Netmarble,롤플레잉
17,18,(-),좀비고등학교,AWESOMEPIECE,아케이드
18,19,(+1),냥코 대전쟁,PONOS Corporation,캐주얼 게임
19,20,(+3),프린세스 커넥트! Re:Dive,Kakao Games Corp.,롤플레잉
20,21,(-2),트라하,NEXON Company,롤플레잉
21,22,(-),라스트오리진,smart joy,롤플레잉
22,23,(+1),세븐나이츠 for kakao,Netmarble,롤플레잉
23,24,(+1),클래시 로얄,Supercell,전략
24,25,(+4),쿠키런: 오븐브레이크,Devsisters Corporation,아케이드
25,26,(+2),모두의마블 for kakao,Netmarble,보드
26,27,(-6),탈리온,GAMEVIL,롤플레잉
27,28,(-2),킹스레이드,Vespa Inc.,롤플레잉
28,29,(+3),페이트 그랜드 오더,Netmarble,롤플레잉
29,30,(-3),라이프애프터,X.D. Global,어드벤처
30,31,(-17),BTS WORLD,Netmarble,캐주얼 게임
0,1,(new),테라 클래식,Kakao Games Corp.,롤플레잉
1,2,(-1),리니지M,NCSOFT Corporation,롤플레잉
2,3,(-1),브롤스타즈,Supercell,액션
3,4,(-1),일곱개의 대죄: 그랜드 크로스,Netmarble,롤플레잉
4,5,(-1),로한M,PLAYWITH Inc.,롤플레잉
5,6,(-1),ROBLOX,Roblox Corporation,어드벤처
6,7,(-1),검은사막 모바일,PEARL ABYSS,롤플레잉
7,8,(-1),라플라스M,Zilong Game Limited,롤플레잉
8,9,(-1),더 킹 오브 파이터즈 올스타,Netmarble,롤플레잉
9,10,(-1),리니지2 레볼루션,Netmarble,롤플레잉
10,11,(-1),에픽세븐,Smilegate Megaport,롤플레잉
11,12,(-),메이플스토리M,NEXON Company,롤플레잉
12,13,(-2),랑그릿사,ZlongGames,전략
13,14,(-),블레이드&소울 레볼루션,Netmarble,롤플레잉
14,15,(-2),포켓몬고,"Niantic, Inc.",어드벤처
15,16,(-),배틀그라운드 모바일,PUBG CORPORATION,액션
16,17,(-2),제5인격,X.D. Global,어드벤처
17,18,(-1),마블 퓨처파이트,Netmarble,롤플레잉
18,19,(-1),좀비고등학교,AWESOMEPIECE,아케이드
19,20,(-1),냥코 대전쟁,PONOS Corporation,캐주얼 게임
20,21,(-1),프린세스 커넥트! Re:Dive,Kakao Games Corp.,롤플레잉
21,22,(-1),트라하,NEXON Company,롤플레잉
22,23,(-1),라스트오리진,smart joy,롤플레잉
23,24,(-),클래시 로얄,Supercell,전략
24,25,(-2),세븐나이츠 for kakao,Netmarble,롤플레잉
25,26,(+3),페이트 그랜드 오더,Netmarble,롤플레잉
26,27,(-1),모두의마블 for kakao,Netmarble,보드
27,28,(-3),쿠키런: 오븐브레이크,Devsisters Corporation,아케이드
28,29,(-1),킹스레이드,Vespa Inc.,롤플레잉
29,30,(+3),소녀전선,X.D. Global,롤플레잉
30,31,(-1),라이프애프터,X.D. Global,어드벤처
0,1,(-),테라 클래식,Kakao Games Corp.,롤플레잉
1,2,(-),리니지M,NCSOFT Corporation,롤플레잉
2,3,(-),브롤스타즈,Supercell,액션
3,4,(+2),ROBLOX,Roblox Corporation,어드벤처
4,5,(-1),일곱개의 대죄: 그랜드 크로스,Netmarble,롤플레잉
5,6,(-1),로한M,PLAYWITH Inc.,롤플레잉
6,7,(-),검은사막 모바일,PEARL ABYSS,롤플레잉
7,8,(+1),더 킹 오브 파이터즈 올스타,Netmarble,롤플레잉
8,9,(+18),모두의마블 for kakao,Netmarble,보드
9,10,(new),쿵야 캐치마인드,Netmarble,퀴즈
10,11,(-1),리니지2 레볼루션,Netmarble,롤플레잉
11,12,(-4),라플라스M,Zilong Game Limited,롤플레잉
12,13,(-),랑그릿사,ZlongGames,전략
13,14,(-),블레이드&소울 레볼루션,Netmarble,롤플레잉
14,15,(-3),메이플스토리M,NEXON Company,롤플레잉
15,16,(-1),포켓몬고,"Niantic, Inc.",어드벤처
16,17,(-6),에픽세븐,Smilegate Megaport,롤플레잉
17,18,(-2),배틀그라운드 모바일,PUBG CORPORATION,액션
18,19,(new),방주지령,D&C of Storm,롤플레잉
19,20,(-1),좀비고등학교,AWESOMEPIECE,아케이드
20,21,(-4),제5인격,X.D. Global,어드벤처
21,22,(-2),냥코 대전쟁,PONOS Corporation,캐주얼 게임
22,23,(-5),마블 퓨처파이트,Netmarble,롤플레잉
23,24,(-2),트라하,NEXON Company,롤플레잉
24,25,(-4),프린세스 커넥트! Re:Dive,Kakao Games Corp.,롤플레잉
25,26,(-3),라스트오리진,smart joy,롤플레잉
26,27,(-3),클래시 로얄,Supercell,전략
27,28,(-2),페이트 그랜드 오더,Netmarble,롤플레잉
28,29,(+3),붕괴3rd,miHoYo Limited,액션
29,30,(+3),라그나로크M: 영원한 사랑,"GRAVITY Co., Ltd.",롤플레잉
30,31,(-6),세븐나이츠 for kakao,Netmarble,롤플레잉
0,1,(-),테라 클래식,Kakao Games Corp.,롤플레잉
1,2,(+1),브롤스타즈,Supercell,액션
2,3,(-1),리니지M,NCSOFT Corporation,롤플레잉
3,4,(-),ROBLOX,Roblox Corporation,어드벤처
4,5,(-),일곱개의 대죄: 그랜드 크로스,Netmarble,롤플레잉
5,6,(-),로한M,PLAYWITH Inc.,롤플레잉
6,7,(-),검은사막 모바일,PEARL ABYSS,롤플레잉
7,8,(-),더 킹 오브 파이터즈 올스타,Netmarble,롤플레잉
8,9,(-),모두의마블 for kakao,Netmarble,보드
9,10,(+1),리니지2 레볼루션,Netmarble,롤플레잉
10,11,(+1),라플라스M,Zilong Game Limited,롤플레잉
11,12,(+2),블레이드&소울 레볼루션,Netmarble,롤플레잉
12,13,(+3),포켓몬고,"Niantic, Inc.",어드벤처
13,14,(-1),랑그릿사,ZlongGames,전략
14,15,(-),메이플스토리M,NEXON Company,롤플레잉
15,16,(+3),방주지령,D&C of Storm,롤플레잉
16,17,(+1),배틀그라운드 모바일,PUBG CORPORATION,액션
17,18,(-1),에픽세븐,Smilegate Megaport,롤플레잉
18,19,(+1),좀비고등학교,AWESOMEPIECE,아케이드
19,20,(-10),쿵야 캐치마인드,Netmarble,퀴즈
20,21,(-),제5인격,X.D. Global,어드벤처
21,22,(-),냥코 대전쟁,PONOS Corporation,캐주얼 게임
22,23,(-),마블 퓨처파이트,Netmarble,롤플레잉
23,24,(+5),붕괴3rd,miHoYo Limited,액션
24,25,(+5),라그나로크M: 영원한 사랑,"GRAVITY Co., Ltd.",롤플레잉
25,26,(-1),프린세스 커넥트! Re:Dive,Kakao Games Corp.,롤플레잉
26,27,(-),클래시 로얄,Supercell,전략
27,28,(-4),트라하,NEXON Company,롤플레잉
28,29,(-3),라스트오리진,smart joy,롤플레잉
29,30,(-2),페이트 그랜드 오더,Netmarble,롤플레잉
30,31,(+2),소녀전선,X.D. Global,롤플레잉
0,1,(-),테라 클래식,Kakao Games Corp.,롤플레잉
1,2,(new),에오스 레드,BluePotion Games,롤플레잉
2,3,(-1),브롤스타즈,Supercell,액션
3,4,(-1),리니지M,NCSOFT Corporation,롤플레잉
4,5,(new),미르의 전설2 어게인,Netblue Games,롤플레잉
5,6,(-2),ROBLOX,Roblox Corporation,어드벤처
6,7,(-2),일곱개의 대죄: 그랜드 크로스,Netmarble,롤플레잉
7,8,(-1),검은사막 모바일,PEARL ABYSS,롤플레잉
8,9,(-1),더 킹 오브 파이터즈 올스타,Netmarble,롤플레잉
9,10,(-4),로한M,PLAYWITH Inc.,롤플레잉
10,11,(-2),모두의마블 for kakao,Netmarble,보드
11,12,(-2),리니지2 레볼루션,Netmarble,롤플레잉
12,13,(-1),블레이드&소울 레볼루션,Netmarble,롤플레잉
13,14,(+2),방주지령,D&C of Storm,롤플레잉
14,15,(-1),랑그릿사,ZlongGames,전략
15,16,(-3),포켓몬고,"Niantic, Inc.",어드벤처
16,17,(-6),라플라스M,Zilong Game Limited,롤플레잉
17,18,(-3),메이플스토리M,NEXON Company,롤플레잉
18,19,(+6),라그나로크M: 영원한 사랑,"GRAVITY Co., Ltd.",롤플레잉
19,20,(-3),배틀그라운드 모바일,PUBG CORPORATION,액션
20,21,(-1),쿵야 캐치마인드,Netmarble,퀴즈
21,22,(-3),좀비고등학교,AWESOMEPIECE,아케이드
22,23,(+1),붕괴3rd,miHoYo Limited,액션
23,24,(-6),에픽세븐,Smilegate Megaport,롤플레잉
24,25,(-4),제5인격,X.D. Global,어드벤처
25,26,(-3),마블 퓨처파이트,Netmarble,액션
26,27,(-5),냥코 대전쟁,PONOS Corporation,캐주얼 게임
27,28,(-1),클래시 로얄,Supercell,전략
28,29,(-),라스트오리진,smart joy,롤플레잉
29,30,(+1),소녀전선,X.D. Global,롤플레잉
30,31,(-1),페이트 그랜드 오더,Netmarble,롤플레잉
31,32,(-4),트라하,NEXON Company,롤플레잉
32,33,(-),세븐나이츠 for kakao,Netmarble,롤플레잉
33,34,(-7),프린세스 커넥트! Re:Dive,Kakao Games Corp.,롤플레잉
34,35,(-3),쿠키런: 오븐브레이크,Devsisters Corporation,아케이드
35,36,(-2),라이프애프터,X.D. Global,어드벤처
36,37,(-),클래시 오브 클랜,Supercell,전략
37,38,(-3),킹스레이드,Vespa Inc.,롤플레잉
38,39,(-3),린: 더 라이트브링어,NEXON Company,롤플레잉
39,40,(new),R0,(주)제로게임즈,롤플레잉
0,1,(-),테라 클래식,Kakao Games Corp.,롤플레잉
1,2,(-),에오스 레드,BluePotion Games,롤플레잉
2,3,(+2),미르의 전설2 어게인,Netblue Games,롤플레잉
3,4,(-1),브롤스타즈,Supercell,액션
4,5,(-1),리니지M,NCSOFT Corporation,롤플레잉
5,6,(-),ROBLOX,Roblox Corporation,어드벤처
6,7,(-),일곱개의 대죄: 그랜드 크로스,Netmarble,롤플레잉
7,8,(-),검은사막 모바일,PEARL ABYSS,롤플레잉
8,9,(-),더 킹 오브 파이터즈 올스타,Netmarble,롤플레잉
9,10,(+1),모두의마블 for kakao,Netmarble,보드
10,11,(-1),로한M,PLAYWITH Inc.,롤플레잉
11,12,(-),리니지2 레볼루션,Netmarble,롤플레잉
12,13,(+1),방주지령,D&C of Storm,롤플레잉
13,14,(-1),블레이드&소울 레볼루션,Netmarble,롤플레잉
14,15,(-),랑그릿사,ZlongGames,전략
15,16,(+3),라그나로크M: 영원한 사랑,"GRAVITY Co., Ltd.",롤플레잉
16,17,(-1),포켓몬고,"Niantic, Inc.",어드벤처
17,18,(-),메이플스토리M,NEXON Company,롤플레잉
18,19,(+1),배틀그라운드 모바일,PUBG CORPORATION,액션
19,20,(-3),라플라스M,Zilong Game Limited,롤플레잉
20,21,(+1),좀비고등학교,AWESOMEPIECE,아케이드
21,22,(+1),붕괴3rd,miHoYo Limited,액션
22,23,(-2),쿵야 캐치마인드,Netmarble,퀴즈
23,24,(-),에픽세븐,Smilegate Megaport,롤플레잉
24,25,(-),제5인격,X.D. Global,어드벤처
25,26,(+1),냥코 대전쟁,PONOS Corporation,캐주얼 게임
26,27,(-1),마블 퓨처파이트,Netmarble,롤플레잉
27,28,(-),클래시 로얄,Supercell,전략
28,29,(-),라스트오리진,smart joy,롤플레잉
29,30,(+3),세븐나이츠 for kakao,Netmarble,롤플레잉
30,31,(-1),소녀전선,X.D. Global,롤플레잉
31,32,(-),트라하,NEXON Company,롤플레잉
32,33,(+2),쿠키런: 오븐브레이크,Devsisters Corporation,아케이드
33,34,(-3),페이트 그랜드 오더,Netmarble,롤플레잉
34,35,(+1),라이프애프터,X.D. Global,어드벤처
35,36,(-2),프린세스 커넥트! Re:Dive,Kakao Games Corp.,롤플레잉
36,37,(+1),킹스레이드,Vespa Inc.,롤플레잉
37,38,(-1),클래시 오브 클랜,Supercell,전략
38,39,(+1),R0,(주)제로게임즈,롤플레잉
39,40,(+2),라스트 쉘터 (Last Shelter: Survival),IM30 TECHNOLOGY LIMITED,전략
0,1,(+1),에오스 레드,BluePotion Games,롤플레잉
1,2,(+1),미르의 전설2 어게인,Netblue Games,롤플레잉
2,3,(+1),브롤스타즈,Supercell,액션
3,4,(+1),리니지M,NCSOFT Corporation,롤플레잉
4,5,(+1),ROBLOX,Roblox Corporation,어드벤처
5,6,(+2),검은사막 모바일,PEARL ABYSS,롤플레잉
6,7,(-),일곱개의 대죄: 그랜드 크로스,Netmarble,롤플레잉
7,8,(-7),테라 클래식,Kakao Games Corp.,롤플레잉
8,9,(-),더 킹 오브 파이터즈 올스타,Netmarble,롤플레잉
9,10,(+1),로한M,PLAYWITH Inc.,롤플레잉
10,11,(-1),모두의마블 for kakao,Netmarble,보드
11,12,(-),리니지2 레볼루션,Netmarble,롤플레잉
12,13,(+3),라그나로크M: 영원한 사랑,"GRAVITY Co., Ltd.",롤플레잉
13,14,(+1),랑그릿사,ZlongGames,전략
14,15,(+3),메이플스토리M,NEXON Company,롤플레잉
15,16,(+1),포켓몬고,"Niantic, Inc.",어드벤처
16,17,(-3),블레이드&소울 레볼루션,Netmarble,롤플레잉
17,18,(+1),배틀그라운드 모바일,PUBG CORPORATION,액션
18,19,(+2),좀비고등학교,AWESOMEPIECE,아케이드
19,20,(-),라플라스M,Zilong Game Limited,롤플레잉
20,21,(-8),방주지령,D&C of Storm,롤플레잉
21,22,(-),붕괴3rd,miHoYo Limited,액션
22,23,(+1),에픽세븐,Smilegate Megaport,롤플레잉
23,24,(+1),제5인격,X.D. Global,어드벤처
24,25,(+2),마블 퓨처파이트,Netmarble,롤플레잉
25,26,(-),냥코 대전쟁,PONOS Corporation,캐주얼 게임
26,27,(+1),클래시 로얄,Supercell,전략
27,28,(+5),쿠키런: 오븐브레이크,Devsisters Corporation,아케이드
28,29,(-),라스트오리진,smart joy,롤플레잉
29,30,(-),세븐나이츠 for kakao,Netmarble,롤플레잉
30,31,(-),소녀전선,X.D. Global,롤플레잉
31,32,(+2),페이트 그랜드 오더,Netmarble,롤플레잉
32,33,(-1),트라하,NEXON Company,롤플레잉
33,34,(+4),클래시 오브 클랜,Supercell,전략
34,35,(-),라이프애프터,X.D. Global,어드벤처
35,36,(-13),쿵야 캐치마인드,Netmarble,퀴즈
36,37,(-),킹스레이드,Vespa Inc.,롤플레잉
37,38,(+1),R0,(주)제로게임즈,롤플레잉
38,39,(-3),프린세스 커넥트! Re:Dive,Kakao Games Corp.,롤플레잉
39,40,(+2),영원한 7일의 도시,가이아모바일,판타지 RPG
0,1,(-),에오스 레드,BluePotion Games,롤플레잉
1,2,(-),미르의 전설2 어게인,Netblue Games,롤플레잉
2,3,(-),브롤스타즈,Supercell,액션
3,4,(-),리니지M,NCSOFT Corporation,롤플레잉
4,5,(new),라이즈 오브 킹덤즈,Lilith Games,전략
5,6,(-1),ROBLOX,Roblox Corporation,어드벤처
6,7,(+2),더 킹 오브 파이터즈 올스타,Netmarble,롤플레잉
7,8,(-1),일곱개의 대죄: 그랜드 크로스,Netmarble,롤플레잉
8,9,(-3),검은사막 모바일,PEARL ABYSS,롤플레잉
9,10,(-2),테라 클래식,Kakao Games Corp.,롤플레잉
10,11,(-1),로한M,PLAYWITH Inc.,롤플레잉
11,12,(-1),모두의마블 for kakao,Netmarble,보드
12,13,(-1),리니지2 레볼루션,Netmarble,롤플레잉
13,14,(-1),라그나로크M: 영원한 사랑,"GRAVITY Co., Ltd.",롤플레잉
14,15,(new),오늘도 우라라 원시 헌팅 라이프,X.D. Global,롤플레잉
15,16,(-2),랑그릿사,ZlongGames,전략
16,17,(-2),메이플스토리M,NEXON Company,롤플레잉
17,18,(-2),포켓몬고,"Niantic, Inc.",어드벤처
18,19,(-),좀비고등학교,AWESOMEPIECE,아케이드
19,20,(-3),블레이드&소울 레볼루션,Netmarble,롤플레잉
20,21,(-3),배틀그라운드 모바일,PUBG CORPORATION,액션
21,22,(-2),라플라스M,Zilong Game Limited,롤플레잉
22,23,(-),에픽세븐,Smilegate Megaport,롤플레잉
23,24,(-),제5인격,X.D. Global,어드벤처
24,25,(-3),붕괴3rd,miHoYo Limited,액션
25,26,(-1),마블 퓨처파이트,Netmarble,롤플레잉
26,27,(-),클래시 로얄,Supercell,전략
27,28,(-2),냥코 대전쟁,PONOS Corporation,캐주얼 게임
28,29,(-8),방주지령,D&C of Storm,롤플레잉
29,30,(-2),쿠키런: 오븐브레이크,Devsisters Corporation,아케이드
30,31,(-2),라스트오리진,smart joy,롤플레잉
31,32,(new),리치리치,U.LU Games,시뮬레이션
32,33,(-3),세븐나이츠 for kakao,Netmarble,롤플레잉
33,34,(+3),킹스레이드,Vespa Inc.,롤플레잉
34,35,(-1),클래시 오브 클랜,Supercell,전략
35,36,(-4),페이트 그랜드 오더,Netmarble,롤플레잉
36,37,(-6),소녀전선,X.D. Global,롤플레잉
37,38,(-3),라이프애프터,X.D. Global,어드벤처
38,39,(-6),트라하,NEXON Company,롤플레잉
39,40,(-1),프린세스 커넥트! Re:Dive,Kakao Games Corp.,롤플레잉
0,1,(+2),브롤스타즈,Supercell,액션
1,2,(+2),리니지M,NCSOFT Corporation,롤플레잉
2,3,(+2),라이즈 오브 킹덤즈,Lilith Games,전략
3,4,(-3),에오스 레드,BluePotion Games,롤플레잉
4,5,(-3),미르의 전설2 어게인,Netblue Games,롤플레잉
5,6,(-),ROBLOX,Roblox Corporation,어드벤처
6,7,(-),더 킹 오브 파이터즈 올스타,Netmarble,롤플레잉
7,8,(-),일곱개의 대죄: 그랜드 크로스,Netmarble,롤플레잉
8,9,(-),검은사막 모바일,PEARL ABYSS,롤플레잉
9,10,(+5),오늘도 우라라 원시 헌팅 라이프,X.D. Global,롤플레잉
10,11,(+2),리니지2 레볼루션,Netmarble,롤플레잉
11,12,(-),모두의마블 for kakao,Netmarble,보드
12,13,(-2),로한M,PLAYWITH Inc.,롤플레잉
13,14,(+2),랑그릿사,ZlongGames,전략
14,15,(+2),메이플스토리M,NEXON Company,롤플레잉
15,16,(-6),테라 클래식,Kakao Games Corp.,롤플레잉
16,17,(+1),포켓몬고,"Niantic, Inc.",어드벤처
17,18,(+1),좀비고등학교,AWESOMEPIECE,아케이드
18,19,(-5),라그나로크M: 영원한 사랑,"GRAVITY Co., Ltd.",롤플레잉
19,20,(+1),배틀그라운드 모바일,PUBG CORPORATION,액션
20,21,(+1),블레이드&소울 레볼루션,Netmarble,롤플레잉
21,22,(-),라플라스M,Zilong Game Limited,롤플레잉
22,23,(+1),제5인격,X.D. Global,어드벤처
23,24,(-1),에픽세븐,Smilegate Megaport,롤플레잉
24,25,(+5),쿠키런: 오븐브레이크,Devsisters Corporation,아케이드
25,26,(+6),리치리치,U.LU Games,시뮬레이션
26,27,(-1),마블 퓨처파이트,Netmarble,롤플레잉
27,28,(+6),킹스레이드,Vespa Inc.,롤플레잉
28,29,(-4),붕괴3rd,miHoYo Limited,액션
29,30,(-3),클래시 로얄,Supercell,전략
30,31,(-),라스트오리진,smart joy,롤플레잉
31,32,(-4),냥코 대전쟁,PONOS Corporation,캐주얼 게임
32,33,(-),세븐나이츠 for kakao,Netmarble,롤플레잉
33,34,(+1),클래시 오브 클랜,Supercell,전략
34,35,(-6),방주지령,D&C of Storm,롤플레잉
35,36,(+1),소녀전선,X.D. Global,롤플레잉
36,37,(-1),페이트 그랜드 오더,Netmarble,롤플레잉
37,38,(-),라이프애프터,X.D. Global,어드벤처
38,39,(-),트라하,NEXON Company,롤플레잉
39,40,(+1),영원한 7일의 도시,가이아모바일,판타지 RPG
0,1,(-),브롤스타즈,Supercell,액션
1,2,(+1),라이즈 오브 킹덤즈,Lilith Games,전략
2,3,(-1),리니지M,NCSOFT Corporation,롤플레잉
3,4,(-),에오스 레드,BluePotion Games,롤플레잉
4,5,(+1),ROBLOX,Roblox Corporation,어드벤처
5,6,(+3),검은사막 모바일,PEARL ABYSS,롤플레잉
6,7,(-),더 킹 오브 파이터즈 올스타,Netmarble,롤플레잉
7,8,(-),일곱개의 대죄: 그랜드 크로스,Netmarble,롤플레잉
8,9,(+1),오늘도 우라라 원시 헌팅 라이프,X.D. Global,롤플레잉
9,10,(+2),모두의마블 for kakao,Netmarble,보드
10,11,(-),리니지2 레볼루션,Netmarble,롤플레잉
11,12,(+3),메이플스토리M,NEXON Company,롤플레잉
12,13,(+17),클래시 로얄,Supercell,전략
13,14,(+4),좀비고등학교,AWESOMEPIECE,아케이드
14,15,(+2),포켓몬고,"Niantic, Inc.",어드벤처
15,16,(-2),랑그릿사,ZlongGames,전략
16,17,(-4),로한M,PLAYWITH Inc.,롤플레잉
17,18,(+3),블레이드&소울 레볼루션,Netmarble,롤플레잉
18,19,(-3),테라 클래식,Kakao Games Corp.,롤플레잉
19,20,(-),배틀그라운드 모바일,PUBG CORPORATION,액션
20,21,(-2),라그나로크M: 영원한 사랑,"GRAVITY Co., Ltd.",롤플레잉
21,22,(-),라플라스M,Zilong Game Limited,롤플레잉
22,23,(-),제5인격,X.D. Global,어드벤처
23,24,(+1),쿠키런: 오븐브레이크,Devsisters Corporation,아케이드
24,25,(+3),킹스레이드,Vespa Inc.,롤플레잉
25,26,(-2),에픽세븐,Smilegate Megaport,롤플레잉
26,27,(+4),라스트오리진,smart joy,롤플레잉
27,28,(-2),리치리치,U.LU Games,시뮬레이션
28,29,(-2),마블 퓨처파이트,Netmarble,롤플레잉
29,30,(-1),붕괴3rd,miHoYo Limited,액션
30,31,(+1),냥코 대전쟁,PONOS Corporation,캐주얼 게임
31,32,(+1),세븐나이츠 for kakao,Netmarble,롤플레잉
32,33,(+1),클래시 오브 클랜,Supercell,전략
33,34,(+3),페이트 그랜드 오더,Netmarble,롤플레잉
34,35,(+1),소녀전선,X.D. Global,롤플레잉
35,36,(+3),트라하,NEXON Company,롤플레잉
36,37,(+1),라이프애프터,X.D. Global,어드벤처
37,38,(+2),영원한 7일의 도시,가이아모바일,판타지 RPG
38,39,(-4),방주지령,D&C of Storm,롤플레잉
39,40,(+1),프린세스 커넥트! Re:Dive,Kakao Games Corp.,롤플레잉
0,1,(NEW),달빛조각사,Kakao Games Corp.,롤플레잉
1,2,(-1),브롤스타즈,Supercell,액션
2,3,(-),리니지M,NCSOFT Corporation,롤플레잉
3,4,(-2),라이즈 오브 킹덤즈,Lilith Games,전략
4,5,(-1),에오스 레드,BluePotion Games,롤플레잉
5,6,(-1),ROBLOX,Roblox Corporation,어드벤처
6,7,(-1),검은사막 모바일,PEARL ABYSS,롤플레잉
7,8,(-),일곱개의 대죄: 그랜드 크로스,Netmarble,롤플레잉
8,9,(-),오늘도 우라라 원시 헌팅 라이프,X.D. Global,롤플레잉
9,10,(-3),더 킹 오브 파이터즈 올스타,Netmarble,롤플레잉
10,11,(-),리니지2 레볼루션,Netmarble,롤플레잉
11,12,(NEW),으라차차돌격라그나로크,"GRAVITY Co., Ltd.",롤플레잉
12,13,(-),클래시 로얄,Supercell,전략
13,14,(-2),메이플스토리M,NEXON Company,롤플레잉
14,15,(-1),좀비고등학교,AWESOMEPIECE,아케이드
15,16,(-1),포켓몬고,"Niantic, Inc.",어드벤처
16,17,(+15),세븐나이츠 for kakao,Netmarble,롤플레잉
17,18,(-2),랑그릿사,ZlongGames,전략
18,19,(-2),로한M,PLAYWITH Inc.,롤플레잉
19,20,(-2),블레이드&소울 레볼루션,Netmarble,롤플레잉
20,21,(-1),배틀그라운드 모바일,PUBG CORPORATION,액션
21,22,(-),라플라스M,Zilong Game Limited,롤플레잉
22,23,(-),제5인격,X.D. Global,어드벤처
23,24,(-3),라그나로크M: 영원한 사랑,"GRAVITY Co., Ltd.",롤플레잉
24,25,(-1),쿠키런: 오븐브레이크,Devsisters Corporation,아케이드
25,26,(-7),테라 클래식,Kakao Games Corp.,롤플레잉
26,27,(-2),킹스레이드,Vespa Inc.,롤플레잉
27,28,(-1),라스트오리진,smart joy,롤플레잉
28,29,(+1),붕괴3rd,miHoYo Limited,액션
29,30,(-20),모두의마블 for kakao,Netmarble,보드
30,31,(+9),프린세스 커넥트! Re:Dive,Kakao Games Corp.,롤플레잉
31,32,(-3),마블 퓨처파이트,Netmarble,롤플레잉
32,33,(-2),냥코 대전쟁,PONOS Corporation,캐주얼 게임
33,34,(-),페이트 그랜드 오더,Netmarble,롤플레잉
34,35,(-7),리치리치,U.LU Games,시뮬레이션
35,36,(-10),에픽세븐,Smilegate Megaport,롤플레잉
36,37,(-4),클래시 오브 클랜,Supercell,전략
37,38,(-3),소녀전선,X.D. Global,롤플레잉
38,39,(-3),트라하,NEXON Company,롤플레잉
39,40,(-2),영원한 7일의 도시,가이아모바일,판타지 RPG
0,1,(-),달빛조각사,Kakao Games Corp.,롤플레잉
1,2,(-),브롤스타즈,Supercell,액션
2,3,(-),리니지M,NCSOFT Corporation,롤플레잉
3,4,(-),라이즈 오브 킹덤즈,Lilith Games,전략
4,5,(+1),ROBLOX,Roblox Corporation,어드벤처
5,6,(-1),에오스 레드,BluePotion Games,롤플레잉
6,7,(-),검은사막 모바일,PEARL ABYSS,롤플레잉
7,8,(-),일곱개의 대죄: 그랜드 크로스,Netmarble,롤플레잉
8,9,(+1),더 킹 오브 파이터즈 올스타,Netmarble,롤플레잉
9,10,(-1),오늘도 우라라 원시 헌팅 라이프,X.D. Global,롤플레잉
10,11,(+6),세븐나이츠 for kakao,Netmarble,롤플레잉
11,12,(-1),리니지2 레볼루션,Netmarble,롤플레잉
12,13,(+1),메이플스토리M,NEXON Company,롤플레잉
13,14,(+25),트라하,NEXON Company,롤플레잉
14,15,(+3),랑그릿사,ZlongGames,전략
15,16,(-3),클래시 로얄,Supercell,전략
16,17,(-5),으라차차돌격라그나로크,"GRAVITY Co., Ltd.",롤플레잉
17,18,(-3),좀비고등학교,AWESOMEPIECE,아케이드
18,19,(-3),포켓몬고,"Niantic, Inc.",어드벤처
19,20,(+1),배틀그라운드 모바일,PUBG CORPORATION,액션
20,21,(-1),블레이드&소울 레볼루션,Netmarble,롤플레잉
21,22,(-3),로한M,PLAYWITH Inc.,롤플레잉
22,23,(-),제5인격,X.D. Global,어드벤처
23,24,(-2),라플라스M,Zilong Game Limited,롤플레잉
24,25,(-1),라그나로크M: 영원한 사랑,"GRAVITY Co., Ltd.",롤플레잉
25,26,(+1),킹스레이드,Vespa Inc.,롤플레잉
26,27,(+2),붕괴3rd,miHoYo Limited,액션
27,28,(+2),모두의마블 for kakao,Netmarble,보드
28,29,(+7),에픽세븐,Smilegate Megaport,롤플레잉
29,30,(-2),라스트오리진,smart joy,롤플레잉
30,31,(-5),테라 클래식,Kakao Games Corp.,롤플레잉
31,32,(-),마블 퓨처파이트,Netmarble,롤플레잉
32,33,(+1),페이트 그랜드 오더,Netmarble,롤플레잉
33,34,(-3),프린세스 커넥트! Re:Dive,Kakao Games Corp.,롤플레잉
34,35,(-2),냥코 대전쟁,PONOS Corporation,캐주얼 게임
35,36,(+1),클래시 오브 클랜,Supercell,전략
36,37,(+9),아이러브니키 for kakao,Kakao Games Corp.,시뮬레이션
37,38,(-),소녀전선,X.D. Global,롤플레잉
38,39,(-14),쿠키런: 오븐브레이크,Devsisters Corporation,아케이드
39,40,(-5),리치리치,U.LU Games,시뮬레이션
0,1,(-),달빛조각사,Kakao Games Corp.,롤플레잉
1,2,(-),브롤스타즈,Supercell,액션
2,3,(-),리니지M,NCSOFT Corporation,롤플레잉
3,4,(NEW),완미세계,Perfect World Games,롤플레잉
4,5,(-1),라이즈 오브 킹덤즈,Lilith Games,전략
5,6,(-1),ROBLOX,Roblox Corporation,어드벤처
6,7,(-1),에오스 레드,BluePotion Games,롤플레잉
7,8,(-),일곱개의 대죄: 그랜드 크로스,Netmarble,롤플레잉
8,9,(-2),검은사막 모바일,PEARL ABYSS,롤플레잉
9,10,(-1),더 킹 오브 파이터즈 올스타,Netmarble,롤플레잉
10,11,(+28),쿠키런: 오븐브레이크,Devsisters Corporation,아케이드
11,12,(-1),세븐나이츠 for kakao,Netmarble,롤플레잉
12,13,(+1),트라하,NEXON Company,롤플레잉
13,14,(-1),메이플스토리M,NEXON Company,롤플레잉
14,15,(-5),오늘도 우라라 원시 헌팅 라이프,X.D. Global,롤플레잉
15,16,(+2),좀비고등학교,AWESOMEPIECE,아케이드
16,17,(-1),클래시 로얄,Supercell,전략
17,18,(-6),리니지2 레볼루션,Netmarble,롤플레잉
18,19,(-4),랑그릿사,ZlongGames,전략
19,20,(-1),포켓몬고,"Niantic, Inc.",어드벤처
20,21,(-1),배틀그라운드 모바일,PUBG CORPORATION,액션
21,22,(-5),으라차차돌격라그나로크,"GRAVITY Co., Ltd.",롤플레잉
22,23,(-),제5인격,X.D. Global,어드벤처
23,24,(-2),로한M,PLAYWITH Inc.,롤플레잉
24,25,(-4),블레이드&소울 레볼루션,Netmarble,롤플레잉
25,26,(NEW),기적의 검,4399 KOREA,롤플레잉
26,27,(-3),라플라스M,Zilong Game Limited,롤플레잉
27,28,(+4),마블 퓨처파이트,Netmarble,롤플레잉
28,29,(-),에픽세븐,Smilegate Megaport,롤플레잉
29,30,(-3),붕괴3rd,miHoYo Limited,액션
30,31,(-6),라그나로크M: 영원한 사랑,"GRAVITY Co., Ltd.",롤플레잉
31,32,(-2),라스트오리진,smart joy,롤플레잉
32,33,(-7),킹스레이드,Vespa Inc.,롤플레잉
33,34,(+2),클래시 오브 클랜,Supercell,전략
34,35,(-2),페이트 그랜드 오더,Netmarble,롤플레잉
35,36,(-8),모두의마블 for kakao,Netmarble,보드
36,37,(-2),냥코 대전쟁,PONOS Corporation,캐주얼 게임
37,38,(-7),테라 클래식,Kakao Games Corp.,롤플레잉
38,39,(-2),아이러브니키 for kakao,Kakao Games Corp.,시뮬레이션
39,40,(-6),프린세스 커넥트! Re:Dive,Kakao Games Corp.,롤플레잉
0,1,(-),달빛조각사,Kakao Games Corp.,롤플레잉
1,2,(+1),리니지M,NCSOFT Corporation,롤플레잉
2,3,(-1),브롤스타즈,Supercell,액션
3,4,(-),완미세계,Perfect World Games,롤플레잉
4,5,(NEW),세인트 세이야 : 각성,YOUZU(SINGAPORE)PTE.LTD.,카드
5,6,(-1),라이즈 오브 킹덤즈,Lilith Games,전략
6,7,(-1),ROBLOX,Roblox Corporation,어드벤처
7,8,(-),일곱개의 대죄: 그랜드 크로스,Netmarble,롤플레잉
8,9,(-2),에오스 레드,BluePotion Games,롤플레잉
9,10,(-1),검은사막 모바일,PEARL ABYSS,롤플레잉
10,11,(+1),세븐나이츠 for kakao,Netmarble,롤플레잉
11,12,(-1),쿠키런: 오븐브레이크,Devsisters Corporation,아케이드
12,13,(-3),더 킹 오브 파이터즈 올스타,Netmarble,롤플레잉
13,14,(-1),트라하,NEXON Company,롤플레잉
14,15,(+1),메이플스토리M,NEXON Company,롤플레잉
15,16,(NEW),아이들 히어로즈,DHGAMES,롤플레잉
16,17,(-1),좀비고등학교,AWESOMEPIECE,아케이드
17,18,(NEW),뮤오리진2,Webzen Inc.,롤플레잉
18,19,(-4),오늘도 우라라 원시 헌팅 라이프,X.D. Global,롤플레잉
19,20,(-2),리니지2 레볼루션,Netmarble,롤플레잉
20,21,(-1),포켓몬고,"Niantic, Inc.",어드벤처
21,22,(-1),배틀그라운드 모바일,PUBG CORPORATION,액션
22,23,(-4),랑그릿사,ZlongGames,전략
23,24,(+2),기적의 검,4399 KOREA,롤플레잉
24,25,(-8),클래시 로얄,Supercell,전략
25,26,(-2),로한M,PLAYWITH Inc.,롤플레잉
26,27,(-2),블레이드&소울 레볼루션,Netmarble,롤플레잉
27,28,(-5),제5인격,X.D. Global,어드벤처
28,29,(-2),라플라스M,Zilong Game Limited,롤플레잉
29,30,(-1),에픽세븐,Smilegate Megaport,롤플레잉
30,31,(-3),마블 퓨처파이트,Netmarble,롤플레잉
31,32,(-10),으라차차돌격라그나로크,"GRAVITY Co., Ltd.",롤플레잉
32,33,(-3),붕괴3rd,miHoYo Limited,액션
33,34,(NEW),포트리스M,Aprogen Healthcare & Games Inc.,액션
34,35,(-),페이트 그랜드 오더,Netmarble,롤플레잉
35,36,(-4),라스트오리진,smart joy,롤플레잉
36,37,(-6),라그나로크M: 영원한 사랑,"GRAVITY Co., Ltd.",롤플레잉
37,38,(-5),킹스레이드,Vespa Inc.,롤플레잉
38,39,(-2),냥코 대전쟁,PONOS Corporation,캐주얼 게임
39,40,(-1),아이러브니키 for kakao,Kakao Games Corp.,시뮬레이션
0,1,(NEW),V4,NEXON Company,롤플레잉
1,2,(-1),달빛조각사,Kakao Games Corp.,롤플레잉
2,3,(-1),리니지M,NCSOFT Corporation,롤플레잉
3,4,(-1),브롤스타즈,Supercell,액션
4,5,(-1),완미세계,Perfect World Games,롤플레잉
5,6,(-1),세인트 세이야 : 각성,YOUZU(SINGAPORE)PTE.LTD.,카드
6,7,(-1),라이즈 오브 킹덤즈,Lilith Games,전략
7,8,(-1),ROBLOX,Roblox Corporation,어드벤처
8,9,(-1),일곱개의 대죄: 그랜드 크로스,Netmarble,롤플레잉
9,10,(-),검은사막 모바일,PEARL ABYSS,롤플레잉
10,11,(+2),더 킹 오브 파이터즈 올스타,Netmarble,롤플레잉
11,12,(-3),에오스 레드,BluePotion Games,롤플레잉
12,13,(+1),트라하,NEXON Company,롤플레잉
13,14,(-3),세븐나이츠 for kakao,Netmarble,롤플레잉
14,15,(+1),아이들 히어로즈,DHGAMES,롤플레잉
15,16,(-4),쿠키런: 오븐브레이크,Devsisters Corporation,아케이드
16,17,(NEW),DX : 신 세기의 전쟁,Efun Company,롤플레잉
17,18,(-3),메이플스토리M,NEXON Company,롤플레잉
18,19,(-2),좀비고등학교,AWESOMEPIECE,아케이드
19,20,(-2),뮤오리진2,Webzen Inc.,롤플레잉
20,21,(+2),랑그릿사,ZlongGames,전략
21,22,(-1),포켓몬고,"Niantic, Inc.",어드벤처
22,23,(-3),리니지2 레볼루션,Netmarble,롤플레잉
23,24,(-2),배틀그라운드 모바일,PUBG CORPORATION,액션
24,25,(-5),오늘도 우라라 원시 헌팅 라이프,X.D. Global,롤플레잉
25,26,(-1),클래시 로얄,Supercell,전략
26,27,(+7),포트리스M,Aprogen Healthcare & Games Inc.,액션
27,28,(-4),기적의 검,4399 KOREA,롤플레잉
28,29,(-2),블레이드&소울 레볼루션,Netmarble,롤플레잉
29,30,(-4),로한M,PLAYWITH Inc.,롤플레잉
30,31,(-3),제5인격,X.D. Global,어드벤처
31,32,(-2),에픽세븐,Smilegate Megaport,롤플레잉
32,33,(NEW),데이트 어 라이브: 다시 만난 정령,"MOONWALK HK Co.,Ltd.",롤플레잉
33,34,(-5),라플라스M,Zilong Game Limited,롤플레잉
34,35,(-4),마블 퓨처파이트,Netmarble,롤플레잉
35,36,(NEW),클래시 오브 클랜,Supercell,전략
36,37,(-4),붕괴3rd,miHoYo Limited,액션
37,38,(-2),라스트오리진,smart joy,롤플레잉
38,39,(-4),페이트 그랜드 오더,Netmarble,롤플레잉
39,40,(-1),냥코 대전쟁,PONOS Corporation,캐주얼 게임
0,1,(-),V4,NEXON Company,롤플레잉
1,2,(+1),리니지M,NCSOFT Corporation,롤플레잉
2,3,(-1),달빛조각사,Kakao Games Corp.,롤플레잉
3,4,(-),브롤스타즈,Supercell,액션
4,5,(-),완미세계,Perfect World Games,롤플레잉
5,6,(-),세인트 세이야 : 각성,YOUZU(SINGAPORE)PTE.LTD.,카드
6,7,(+1),ROBLOX,Roblox Corporation,어드벤처
7,8,(-1),라이즈 오브 킹덤즈,Lilith Games,전략
8,9,(-),일곱개의 대죄: 그랜드 크로스,Netmarble,롤플레잉
9,10,(-),검은사막 모바일,PEARL ABYSS,롤플레잉
10,11,(-),더 킹 오브 파이터즈 올스타,Netmarble,롤플레잉
11,12,(+3),아이들 히어로즈,DHGAMES,롤플레잉
12,13,(+3),쿠키런: 오븐브레이크,Devsisters Corporation,아케이드
13,14,(-2),에오스 레드,BluePotion Games,롤플레잉
14,15,(-1),세븐나이츠 for kakao,Netmarble,롤플레잉
15,16,(+1),DX : 신 세기의 전쟁,Efun Company,롤플레잉
16,17,(+1),메이플스토리M,NEXON Company,롤플레잉
17,18,(+2),뮤오리진2,Webzen Inc.,롤플레잉
18,19,(-),좀비고등학교,AWESOMEPIECE,아케이드
19,20,(+1),랑그릿사,ZlongGames,전략
20,21,(+1),포켓몬고,"Niantic, Inc.",어드벤처
21,22,(+1),리니지2 레볼루션,Netmarble,롤플레잉
22,23,(+3),클래시 로얄,Supercell,전략
23,24,(+1),오늘도 우라라 원시 헌팅 라이프,X.D. Global,롤플레잉
24,25,(-1),배틀그라운드 모바일,PUBG CORPORATION,액션
25,26,(+1),포트리스M,Aprogen Healthcare & Games Inc.,액션
26,27,(+2),블레이드&소울 레볼루션,Netmarble,롤플레잉
27,28,(-),기적의 검,4399 KOREA,롤플레잉
28,29,(+2),제5인격,X.D. Global,어드벤처
29,30,(+8),라스트오리진,smart joy,롤플레잉
30,31,(+2),데이트 어 라이브: 다시 만난 정령,"MOONWALK HK Co.,Ltd.",롤플레잉
31,32,(-),에픽세븐,Smilegate Megaport,롤플레잉
32,33,(-3),로한M,PLAYWITH Inc.,롤플레잉
33,34,(+1),마블 퓨처파이트,Netmarble,롤플레잉
34,35,(+1),클래시 오브 클랜,Supercell,전략
35,36,(+3),페이트 그랜드 오더,Netmarble,롤플레잉
36,37,(-3),라플라스M,Zilong Game Limited,롤플레잉
37,38,(-1),붕괴3rd,miHoYo Limited,액션
38,39,(-26),트라하,NEXON Company,롤플레잉
39,40,(-),냥코 대전쟁,PONOS Corporation,캐주얼 게임
0,1,(-),V4,NEXON Company,롤플레잉
1,2,(NEW),엑소스 히어로즈,LINE Games,롤플레잉
2,3,(-1),리니지M,NCSOFT Corporation,롤플레잉
3,4,(-1),달빛조각사,Kakao Games Corp.,롤플레잉
4,5,(-1),브롤스타즈,Supercell,액션
5,6,(-),세인트 세이야 : 각성,YOUZU(SINGAPORE)PTE.LTD.,카드
6,7,(-),ROBLOX,Roblox Corporation,어드벤처
7,8,(+2),검은사막 모바일,PEARL ABYSS,롤플레잉
8,9,(-1),라이즈 오브 킹덤즈,Lilith Games,전략
9,10,(+1),더 킹 오브 파이터즈 올스타,Netmarble,롤플레잉
10,11,(-2),일곱개의 대죄: 그랜드 크로스,Netmarble,롤플레잉
11,12,(-),아이들 히어로즈,DHGAMES,롤플레잉
12,13,(+2),세븐나이츠 for kakao,Netmarble,롤플레잉
13,14,(+3),메이플스토리M,NEXON Company,롤플레잉
14,15,(+3),뮤오리진2,Webzen Inc.,롤플레잉
15,16,(-),DX : 신 세기의 전쟁,Efun Company,롤플레잉
16,17,(-3),에오스 레드,BluePotion Games,롤플레잉
17,18,(+4),리니지2 레볼루션,Netmarble,롤플레잉
18,19,(+2),포켓몬고,"Niantic, Inc.",어드벤처
19,20,(-1),좀비고등학교,AWESOMEPIECE,아케이드
20,21,(-16),완미세계,Perfect World Games,롤플레잉
21,22,(+1),클래시 로얄,Supercell,전략
22,23,(+7),라스트오리진,smart joy,롤플레잉
23,24,(+3),블레이드&소울 레볼루션,Netmarble,롤플레잉
24,25,(-5),랑그릿사,ZlongGames,전략
25,26,(-),포트리스M,Aprogen Healthcare & Games Inc.,액션
26,27,(-2),배틀그라운드 모바일,PUBG CORPORATION,액션
27,28,(+3),데이트 어 라이브: 다시 만난 정령,"MOONWALK HK Co.,Ltd.",롤플레잉
28,29,(-1),기적의 검,4399 KOREA,롤플레잉
29,30,(-6),오늘도 우라라 원시 헌팅 라이프,X.D. Global,롤플레잉
30,31,(-2),제5인격,X.D. Global,어드벤처
31,32,(-),에픽세븐,Smilegate Megaport,롤플레잉
32,33,(-),로한M,PLAYWITH Inc.,롤플레잉
33,34,(-21),쿠키런: 오븐브레이크,Devsisters Corporation,아케이드
34,35,(-),클래시 오브 클랜,Supercell,전략
35,36,(NEW),염왕이 뿔났다,X.D. Global,롤플레잉
36,37,(-1),페이트 그랜드 오더,Netmarble,롤플레잉
37,38,(-),붕괴3rd,miHoYo Limited,액션
38,39,(-5),마블 퓨처파이트,Netmarble,롤플레잉
39,40,(-),냥코 대전쟁,PONOS Corporation,캐주얼 게임
0,1,(NEW),리니지2M,NCSOFT Corporation,롤플레잉
1,2,(-1),V4,NEXON Company,롤플레잉
2,3,(-),리니지M,NCSOFT Corporation,롤플레잉
3,4,(-2),엑소스 히어로즈,LINE Games,롤플레잉
4,5,(-),브롤스타즈,Supercell,액션
5,6,(-2),달빛조각사,Kakao Games Corp.,롤플레잉
6,7,(+1),검은사막 모바일,PEARL ABYSS,롤플레잉
7,8,(-1),ROBLOX,Roblox Corporation,어드벤처
8,9,(-),라이즈 오브 킹덤즈,Lilith Games,전략
9,10,(-),더 킹 오브 파이터즈 올스타,Netmarble,롤플레잉
10,11,(-),일곱개의 대죄: 그랜드 크로스,Netmarble,롤플레잉
11,12,(+6),리니지2 레볼루션,Netmarble,롤플레잉
12,13,(+1),메이플스토리M,NEXON Company,롤플레잉
13,14,(-1),세븐나이츠 for kakao,Netmarble,롤플레잉
14,15,(+9),블레이드&소울 레볼루션,Netmarble,롤플레잉
15,16,(+3),포켓몬고,"Niantic, Inc.",어드벤처
16,17,(+8),랑그릿사,ZlongGames,전략
17,18,(-2),DX : 신 세기의 전쟁,Efun Company,롤플레잉
18,19,(+1),좀비고등학교,AWESOMEPIECE,아케이드
19,20,(+2),클래시 로얄,Supercell,전략
20,21,(-4),에오스 레드,BluePotion Games,롤플레잉
21,22,(+1),라스트오리진,smart joy,롤플레잉
22,23,(+4),배틀그라운드 모바일,PUBG CORPORATION,액션
23,24,(+5),기적의 검,4399 KOREA,롤플레잉
24,25,(+6),제5인격,X.D. Global,어드벤처
25,26,(+4),오늘도 우라라 원시 헌팅 라이프,X.D. Global,롤플레잉
26,27,(+5),에픽세븐,Smilegate Megaport,롤플레잉
27,28,(+8),염왕이 뿔났다,X.D. Global,롤플레잉
28,29,(-1),데이트 어 라이브: 다시 만난 정령,"MOONWALK HK Co.,Ltd.",롤플레잉
29,30,(+9),마블 퓨처파이트,Netmarble,롤플레잉
30,31,(+4),클래시 오브 클랜,Supercell,전략
31,32,(+5),페이트 그랜드 오더,Netmarble,롤플레잉
32,33,(-),로한M,PLAYWITH Inc.,롤플레잉
33,34,(-8),포트리스M,Aprogen Healthcare & Games Inc.,액션
34,35,(-1),쿠키런: 오븐브레이크,Devsisters Corporation,아케이드
35,36,(+4),냥코 대전쟁,PONOS Corporation,캐주얼 게임
36,37,(+1),붕괴3rd,miHoYo Limited,액션
37,38,(NEW),라플라스M,Zilong Game Limited,롤플레잉
38,39,(NEW),킹스레이드,Vespa Inc.,롤플레잉
39,40,(-19),완미세계,Perfect World Games,롤플레잉
0,1,(-),리니지2M,NCSOFT Corporation,롤플레잉
1,2,(-),V4,NEXON Company,롤플레잉
2,3,(+1),엑소스 히어로즈,LINE Games,롤플레잉
3,4,(-1),리니지M,NCSOFT Corporation,롤플레잉
4,5,(-),브롤스타즈,Supercell,액션
5,6,(-),달빛조각사,Kakao Games Corp.,롤플레잉
6,7,(-),검은사막 모바일,PEARL ABYSS,롤플레잉
7,8,(-),ROBLOX,Roblox Corporation,어드벤처
8,9,(-),라이즈 오브 킹덤즈,Lilith Games,전략
9,10,(-),더 킹 오브 파이터즈 올스타,Netmarble,롤플레잉
10,11,(-),일곱개의 대죄: 그랜드 크로스,Netmarble,롤플레잉
11,12,(-),리니지2 레볼루션,Netmarble,롤플레잉
12,13,(+2),블레이드&소울 레볼루션,Netmarble,롤플레잉
13,14,(-1),메이플스토리M,NEXON Company,롤플레잉
14,15,(-1),세븐나이츠 for kakao,Netmarble,롤플레잉
15,16,(-),포켓몬고,"Niantic, Inc.",어드벤처
16,17,(+3),클래시 로얄,Supercell,전략
17,18,(-1),랑그릿사,ZlongGames,전략
18,19,(+3),라스트오리진,smart joy,롤플레잉
19,20,(-1),좀비고등학교,AWESOMEPIECE,아케이드
20,21,(-),에오스 레드,BluePotion Games,롤플레잉
21,22,(+1),배틀그라운드 모바일,PUBG CORPORATION,액션
22,23,(+1),기적의 검,4399 KOREA,롤플레잉
23,24,(+1),제5인격,X.D. Global,어드벤처
24,25,(+3),염왕이 뿔났다,X.D. Global,롤플레잉
25,26,(-),오늘도 우라라 원시 헌팅 라이프,X.D. Global,롤플레잉
26,27,(+4),클래시 오브 클랜,Supercell,전략
27,28,(+2),마블 퓨처파이트,Netmarble,롤플레잉
28,29,(-2),에픽세븐,Smilegate Megaport,롤플레잉
29,30,(+2),페이트 그랜드 오더,Netmarble,롤플레잉
30,31,(-13),DX : 신 세기의 전쟁,Efun Company,롤플레잉
31,32,(NEW),모두의마블 for kakao,Netmarble,보드
32,33,(-),로한M,PLAYWITH Inc.,롤플레잉
33,34,(+2),냥코 대전쟁,PONOS Corporation,캐주얼 게임
34,35,(-),쿠키런: 오븐브레이크,Devsisters Corporation,아케이드
35,36,(-7),데이트 어 라이브: 다시 만난 정령,"MOONWALK HK Co.,Ltd.",롤플레잉
36,37,(NEW),프린세스 커넥트! Re:Dive,Kakao Games Corp.,롤플레잉
37,38,(-1),붕괴3rd,miHoYo Limited,액션
38,39,(-),킹스레이드,Vespa Inc.,롤플레잉
39,40,(-2),라플라스M,Zilong Game Limited,롤플레잉
0,1,(-),리니지2M,NCSOFT Corporation,롤플레잉
1,2,(+1),엑소스 히어로즈,LINE Games,롤플레잉
2,3,(-1),V4,NEXON Company,롤플레잉
3,4,(-),리니지M,NCSOFT Corporation,롤플레잉
4,5,(-),브롤스타즈,Supercell,액션
5,6,(+1),검은사막 모바일,PEARL ABYSS,롤플레잉
6,7,(-1),달빛조각사,Kakao Games Corp.,롤플레잉
7,8,(-),ROBLOX,Roblox Corporation,어드벤처
8,9,(-),라이즈 오브 킹덤즈,Lilith Games,전략
9,10,(-),더 킹 오브 파이터즈 올스타,Netmarble,롤플레잉
10,11,(-),일곱개의 대죄: 그랜드 크로스,Netmarble,롤플레잉
11,12,(-),리니지2 레볼루션,Netmarble,롤플레잉
12,13,(NEW),게임빌프로야구 슈퍼스타즈,GAMEVIL,스포츠
13,14,(-1),블레이드&소울 레볼루션,Netmarble,롤플레잉
14,15,(-1),메이플스토리M,NEXON Company,롤플레잉
15,16,(-),포켓몬고,"Niantic, Inc.",어드벤처
16,17,(-),클래시 로얄,Supercell,전략
17,18,(+2),좀비고등학교,AWESOMEPIECE,아케이드
18,19,(-4),세븐나이츠 for kakao,Netmarble,롤플레잉
19,20,(-1),라스트오리진,smart joy,롤플레잉
20,21,(+1),배틀그라운드 모바일,PUBG CORPORATION,액션
21,22,(+1),기적의 검,4399 KOREA,롤플레잉
22,23,(+1),제5인격,X.D. Global,어드벤처
23,24,(-3),에오스 레드,BluePotion Games,롤플레잉
24,25,(-),염왕이 뿔났다,X.D. Global,롤플레잉
25,26,(+1),클래시 오브 클랜,Supercell,전략
26,27,(-9),랑그릿사,ZlongGames,전략
27,28,(-2),오늘도 우라라 원시 헌팅 라이프,X.D. Global,롤플레잉
28,29,(+1),페이트 그랜드 오더,Netmarble,롤플레잉
29,30,(-2),마블 퓨처파이트,Netmarble,롤플레잉
30,31,(+1),모두의마블 for kakao,Netmarble,보드
31,32,(-3),에픽세븐,Smilegate Megaport,롤플레잉
32,33,(+1),냥코 대전쟁,PONOS Corporation,캐주얼 게임
33,34,(+3),프린세스 커넥트! Re:Dive,Kakao Games Corp.,롤플레잉
34,35,(-2),로한M,PLAYWITH Inc.,롤플레잉
35,36,(-1),쿠키런: 오븐브레이크,Devsisters Corporation,아케이드
36,37,(+2),킹스레이드,Vespa Inc.,롤플레잉
37,38,(-),붕괴3rd,miHoYo Limited,액션
38,39,(+1),라플라스M,Zilong Game Limited,롤플레잉
39,40,(NEW),소녀전선,X.D. Global,롤플레잉
0,1,(-),리니지2M,NCSOFT Corporation,롤플레잉
1,2,(+1),V4,NEXON Company,롤플레잉
2,3,(+2),브롤스타즈,Supercell,액션
3,4,(-),리니지M,NCSOFT Corporation,롤플레잉
4,5,(+1),검은사막 모바일,PEARL ABYSS,롤플레잉
5,6,(+1),달빛조각사,Kakao Games Corp.,롤플레잉
6,7,(-5),엑소스 히어로즈,LINE Games,롤플레잉
7,8,(-),ROBLOX,Roblox Corporation,어드벤처
8,9,(-),라이즈 오브 킹덤즈,Lilith Games,전략
9,10,(-),더 킹 오브 파이터즈 올스타,Netmarble,롤플레잉
10,11,(-),일곱개의 대죄: 그랜드 크로스,Netmarble,롤플레잉
11,12,(-),리니지2 레볼루션,Netmarble,롤플레잉
12,13,(+1),블레이드&소울 레볼루션,Netmarble,롤플레잉
13,14,(-1),게임빌프로야구 슈퍼스타즈,GAMEVIL,스포츠
14,15,(-),메이플스토리M,NEXON Company,롤플레잉
15,16,(-),포켓몬고,"Niantic, Inc.",어드벤처
16,17,(-),클래시 로얄,Supercell,전략
17,18,(-),좀비고등학교,AWESOMEPIECE,아케이드
18,19,(+8),랑그릿사,ZlongGames,전략
19,20,(+1),배틀그라운드 모바일,PUBG CORPORATION,액션
20,21,(-1),라스트오리진,smart joy,롤플레잉
21,22,(-),기적의 검,4399 KOREA,롤플레잉
22,23,(-4),세븐나이츠 for kakao,Netmarble,롤플레잉
23,24,(-1),제5인격,X.D. Global,어드벤처
24,25,(-1),에오스 레드,BluePotion Games,롤플레잉
25,26,(-),클래시 오브 클랜,Supercell,전략
26,27,(+4),모두의마블 for kakao,Netmarble,보드
27,28,(+1),페이트 그랜드 오더,Netmarble,롤플레잉
28,29,(+1),마블 퓨처파이트,Netmarble,롤플레잉
29,30,(+2),에픽세븐,Smilegate Megaport,롤플레잉
30,31,(-3),오늘도 우라라 원시 헌팅 라이프,X.D. Global,롤플레잉
31,32,(+1),냥코 대전쟁,PONOS Corporation,캐주얼 게임
32,33,(+2),로한M,PLAYWITH Inc.,롤플레잉
33,34,(+2),쿠키런: 오븐브레이크,Devsisters Corporation,아케이드
34,35,(-1),프린세스 커넥트! Re:Dive,Kakao Games Corp.,롤플레잉
35,36,(NEW),라그나로크M: 영원한 사랑,"GRAVITY Co., Ltd.",롤플레잉
36,37,(-12),염왕이 뿔났다,X.D. Global,롤플레잉
37,38,(-1),킹스레이드,Vespa Inc.,롤플레잉
38,39,(-),라플라스M,Zilong Game Limited,롤플레잉
39,40,(-),소녀전선,X.D. Global,롤플레잉
0,1,(-),리니지2M,NCSOFT Corporation,롤플레잉
1,2,(+1),브롤스타즈,Supercell,액션
2,3,(-1),V4,NEXON Company,롤플레잉
3,4,(-),리니지M,NCSOFT Corporation,롤플레잉
4,5,(-),검은사막 모바일,PEARL ABYSS,롤플레잉
5,6,(-),달빛조각사,Kakao Games Corp.,롤플레잉
6,7,(+1),ROBLOX,Roblox Corporation,어드벤처
7,8,(+1),라이즈 오브 킹덤즈,Lilith Games,전략
8,9,(-2),엑소스 히어로즈,LINE Games,롤플레잉
9,10,(-),더 킹 오브 파이터즈 올스타,Netmarble,롤플레잉
10,11,(-),일곱개의 대죄: 그랜드 크로스,Netmarble,롤플레잉
11,12,(+3),메이플스토리M,NEXON Company,롤플레잉
12,13,(-1),리니지2 레볼루션,Netmarble,롤플레잉
13,14,(-1),블레이드&소울 레볼루션,Netmarble,롤플레잉
14,15,(+1),포켓몬고,"Niantic, Inc.",어드벤처
15,16,(+2),좀비고등학교,AWESOMEPIECE,아케이드
16,17,(-),클래시 로얄,Supercell,전략
17,18,(+1),랑그릿사,ZlongGames,전략
18,19,(+1),배틀그라운드 모바일,PUBG CORPORATION,액션
19,20,(+1),라스트오리진,smart joy,롤플레잉
20,21,(+1),기적의 검,4399 KOREA,롤플레잉
21,22,(+2),제5인격,X.D. Global,어드벤처
22,23,(-),세븐나이츠 for kakao,Netmarble,롤플레잉
23,24,(+2),클래시 오브 클랜,Supercell,전략
24,25,(-),에오스 레드,BluePotion Games,롤플레잉
25,26,(+1),모두의마블 for kakao,Netmarble,보드
26,27,(+1),페이트 그랜드 오더,Netmarble,롤플레잉
27,28,(+2),에픽세븐,Smilegate Megaport,롤플레잉
28,29,(NEW),붕괴3rd,miHoYo Limited,액션
29,30,(+1),오늘도 우라라 원시 헌팅 라이프,X.D. Global,롤플레잉
30,31,(NEW),궁수의 전설,Habby,액션
31,32,(-18),게임빌프로야구 슈퍼스타즈,GAMEVIL,스포츠
32,33,(-4),마블 퓨처파이트,Netmarble,롤플레잉
33,34,(-2),냥코 대전쟁,PONOS Corporation,캐주얼 게임
34,35,(-1),쿠키런: 오븐브레이크,Devsisters Corporation,아케이드
35,36,(-),라그나로크M: 영원한 사랑,"GRAVITY Co., Ltd.",롤플레잉
36,37,(-4),로한M,PLAYWITH Inc.,롤플레잉
37,38,(-3),프린세스 커넥트! Re:Dive,Kakao Games Corp.,롤플레잉
38,39,(-),라플라스M,Zilong Game Limited,롤플레잉
39,40,(-),소녀전선,X.D. Global,롤플레잉
0,1,(-),리니지2M,NCSOFT Corporation,롤플레잉
1,2,(-),브롤스타즈,Supercell,액션
2,3,(-),V4,NEXON Company,롤플레잉
3,4,(-),리니지M,NCSOFT Corporation,롤플레잉
4,5,(+2),ROBLOX,Roblox Corporation,어드벤처
5,6,(-1),검은사막 모바일,PEARL ABYSS,롤플레잉
6,7,(-1),달빛조각사,Kakao Games Corp.,롤플레잉
7,8,(-),라이즈 오브 킹덤즈,Lilith Games,전략
8,9,(+1),더 킹 오브 파이터즈 올스타,Netmarble,롤플레잉
9,10,(+1),일곱개의 대죄: 그랜드 크로스,Netmarble,롤플레잉
10,11,(-2),엑소스 히어로즈,LINE Games,롤플레잉
11,12,(-),메이플스토리M,NEXON Company,롤플레잉
12,13,(-),리니지2 레볼루션,Netmarble,롤플레잉
13,14,(+1),포켓몬고,"Niantic, Inc.",어드벤처
14,15,(+1),좀비고등학교,AWESOMEPIECE,아케이드
15,16,(-2),블레이드&소울 레볼루션,Netmarble,롤플레잉
16,17,(-),클래시 로얄,Supercell,전략
17,18,(+1),배틀그라운드 모바일,PUBG CORPORATION,액션
18,19,(-1),랑그릿사,ZlongGames,전략
19,20,(-),라스트오리진,smart joy,롤플레잉
20,21,(-),기적의 검,4399 KOREA,롤플레잉
21,22,(-),제5인격,X.D. Global,어드벤처
22,23,(+1),클래시 오브 클랜,Supercell,전략
23,24,(+3),페이트 그랜드 오더,Netmarble,롤플레잉
24,25,(-),에오스 레드,BluePotion Games,롤플레잉
25,26,(+2),에픽세븐,Smilegate Megaport,롤플레잉
26,27,(+4),궁수의 전설,Habby,액션
27,28,(+1),붕괴3rd,miHoYo Limited,액션
28,29,(NEW),무한의계단,NFLY STUDIO,아케이드
29,30,(-4),모두의마블 for kakao,Netmarble,보드
30,31,(NEW),샤이닝라이트,Eyougame Inc.,롤플레잉
31,32,(+2),냥코 대전쟁,PONOS Corporation,캐주얼 게임
32,33,(+2),쿠키런: 오븐브레이크,Devsisters Corporation,아케이드
33,34,(-1),마블 퓨처파이트,Netmarble,롤플레잉
34,35,(-5),오늘도 우라라 원시 헌팅 라이프,X.D. Global,롤플레잉
35,36,(-13),세븐나이츠 for kakao,Netmarble,롤플레잉
36,37,(+2),라플라스M,Zilong Game Limited,롤플레잉
37,38,(-2),라그나로크M: 영원한 사랑,"GRAVITY Co., Ltd.",롤플레잉
38,39,(-1),프린세스 커넥트! Re:Dive,Kakao Games Corp.,롤플레잉
39,40,(-),소녀전선,X.D. Global,롤플레잉
0,1,(-),리니지2M,NCSOFT Corporation,롤플레잉
1,2,(-),브롤스타즈,Supercell,액션
2,3,(-),V4,NEXON Company,롤플레잉
3,4,(-),리니지M,NCSOFT Corporation,롤플레잉
4,5,(-),ROBLOX,Roblox Corporation,어드벤처
5,6,(-),검은사막 모바일,PEARL ABYSS,롤플레잉
6,7,(-),달빛조각사,Kakao Games Corp.,롤플레잉
7,8,(-),라이즈 오브 킹덤즈,Lilith Games,전략
8,9,(-),더 킹 오브 파이터즈 올스타,Netmarble,롤플레잉
9,10,(-),일곱개의 대죄: 그랜드 크로스,Netmarble,롤플레잉
10,11,(-),엑소스 히어로즈,LINE Games,롤플레잉
11,12,(-),메이플스토리M,NEXON Company,롤플레잉
12,13,(+1),포켓몬고,"Niantic, Inc.",어드벤처
13,14,(-1),리니지2 레볼루션,Netmarble,롤플레잉
14,15,(-),좀비고등학교,AWESOMEPIECE,아케이드
15,16,(+1),클래시 로얄,Supercell,전략
16,17,(+1),배틀그라운드 모바일,PUBG CORPORATION,액션
17,18,(-2),블레이드&소울 레볼루션,Netmarble,롤플레잉
18,19,(+9),붕괴3rd,miHoYo Limited,액션
19,20,(-1),랑그릿사,ZlongGames,전략
20,21,(+10),샤이닝라이트,Eyougame Inc.,롤플레잉
21,22,(-2),라스트오리진,smart joy,롤플레잉
22,23,(-1),제5인격,X.D. Global,어드벤처
23,24,(-3),기적의 검,4399 KOREA,롤플레잉
24,25,(-2),클래시 오브 클랜,Supercell,전략
25,26,(-),에픽세븐,Smilegate Megaport,롤플레잉
26,27,(-),궁수의 전설,Habby,액션
27,28,(-3),에오스 레드,BluePotion Games,롤플레잉
28,29,(-),무한의계단,NFLY STUDIO,아케이드
29,30,(+4),마블 퓨처파이트,Netmarble,롤플레잉
30,31,(-1),모두의마블 for kakao,Netmarble,보드
31,32,(+1),쿠키런: 오븐브레이크,Devsisters Corporation,아케이드
32,33,(-1),냥코 대전쟁,PONOS Corporation,캐주얼 게임
33,34,(+2),세븐나이츠 for kakao,Netmarble,롤플레잉
34,35,(NEW),뇌명천하,4399 KOREA,롤플레잉
35,36,(+1),라플라스M,Zilong Game Limited,롤플레잉
36,37,(+1),라그나로크M: 영원한 사랑,"GRAVITY Co., Ltd.",롤플레잉
37,38,(+2),소녀전선,X.D. Global,롤플레잉
38,39,(-),프린세스 커넥트! Re:Dive,Kakao Games Corp.,롤플레잉
39,40,(NEW),킹스레이드,Vespa Inc.,롤플레잉
0,1,(-),리니지2M,NCSOFT Corporation,롤플레잉
1,2,(NEW),명일방주,Yostar Limited.,전략
2,3,(-1),브롤스타즈,Supercell,액션
3,4,(-),리니지M,NCSOFT Corporation,롤플레잉
4,5,(-),ROBLOX,Roblox Corporation,어드벤처
5,6,(-3),V4,NEXON Company,롤플레잉
6,7,(-1),검은사막 모바일,PEARL ABYSS,롤플레잉
7,8,(-1),달빛조각사,Kakao Games Corp.,롤플레잉
8,9,(-1),라이즈 오브 킹덤즈,Lilith Games,전략
9,10,(-1),더 킹 오브 파이터즈 올스타,Netmarble,롤플레잉
10,11,(-1),일곱개의 대죄: 그랜드 크로스,Netmarble,롤플레잉
11,12,(-),메이플스토리M,NEXON Company,롤플레잉
12,13,(+1),리니지2 레볼루션,Netmarble,롤플레잉
13,14,(-3),엑소스 히어로즈,LINE Games,롤플레잉
14,15,(-2),포켓몬고,"Niantic, Inc.",어드벤처
15,16,(-1),좀비고등학교,AWESOMEPIECE,아케이드
16,17,(+4),샤이닝라이트,Eyougame Inc.,롤플레잉
17,18,(-1),배틀그라운드 모바일,PUBG CORPORATION,액션
18,19,(-3),클래시 로얄,Supercell,전략
19,20,(-),랑그릿사,ZlongGames,전략
20,21,(+2),제5인격,X.D. Global,어드벤처
21,22,(-),라스트오리진,smart joy,롤플레잉
22,23,(-5),블레이드&소울 레볼루션,Netmarble,롤플레잉
23,24,(NEW),페이트 그랜드 오더,Netmarble,롤플레잉
24,25,(-1),기적의 검,4399 KOREA,롤플레잉
25,26,(-7),붕괴3rd,miHoYo Limited,액션
26,27,(-),궁수의 전설,Habby,액션
27,28,(-2),에픽세븐,Smilegate Megaport,롤플레잉
28,29,(-1),에오스 레드,BluePotion Games,롤플레잉
29,30,(-1),무한의계단,NFLY STUDIO,아케이드
30,31,(+1),쿠키런: 오븐브레이크,Devsisters Corporation,아케이드
31,32,(-2),마블 퓨처파이트,Netmarble,롤플레잉
32,33,(-2),모두의마블 for kakao,Netmarble,보드
33,34,(-9),클래시 오브 클랜,Supercell,전략
34,35,(-2),냥코 대전쟁,PONOS Corporation,캐주얼 게임
35,36,(NEW),원피스 트레저 크루즈,BANDAI NAMCO Entertainment Inc.,롤플레잉
36,37,(-),라그나로크M: 영원한 사랑,"GRAVITY Co., Ltd.",롤플레잉
37,38,(-),소녀전선,X.D. Global,롤플레잉
38,39,(-3),라플라스M,Zilong Game Limited,롤플레잉
39,40,(-6),세븐나이츠 for kakao,Netmarble,롤플레잉
0,1,(-),리니지2M,NCSOFT Corporation,롤플레잉
1,2,(-),명일방주,Yostar Limited.,전략
2,3,(-),브롤스타즈,Supercell,액션
3,4,(-),리니지M,NCSOFT Corporation,롤플레잉
4,5,(-),ROBLOX,Roblox Corporation,어드벤처
5,6,(+2),달빛조각사,Kakao Games Corp.,롤플레잉
6,7,(-1),V4,NEXON Company,롤플레잉
7,8,(-1),검은사막 모바일,PEARL ABYSS,롤플레잉
8,9,(-),라이즈 오브 킹덤즈,Lilith Games,전략
9,10,(+1),일곱개의 대죄: 그랜드 크로스,Netmarble,롤플레잉
10,11,(+1),메이플스토리M,NEXON Company,롤플레잉
11,12,(-2),더 킹 오브 파이터즈 올스타,Netmarble,롤플레잉
12,13,(-),리니지2 레볼루션,Netmarble,롤플레잉
13,14,(-),엑소스 히어로즈,LINE Games,롤플레잉
14,15,(+1),좀비고등학교,AWESOMEPIECE,아케이드
15,16,(+1),샤이닝라이트,Eyougame Inc.,롤플레잉
16,17,(-2),포켓몬고,"Niantic, Inc.",어드벤처
17,18,(-),배틀그라운드 모바일,PUBG CORPORATION,액션
18,19,(-),클래시 로얄,Supercell,전략
19,20,(-),랑그릿사,ZlongGames,전략
20,21,(-),제5인격,X.D. Global,어드벤처
21,22,(+4),붕괴3rd,miHoYo Limited,액션
22,23,(-),블레이드&소울 레볼루션,Netmarble,롤플레잉
23,24,(-2),라스트오리진,smart joy,롤플레잉
24,25,(-1),페이트 그랜드 오더,Netmarble,롤플레잉
25,26,(+14),세븐나이츠 for kakao,Netmarble,롤플레잉
26,27,(+7),클래시 오브 클랜,Supercell,전략
27,28,(-3),기적의 검,4399 KOREA,롤플레잉
28,29,(-1),에픽세븐,Smilegate Megaport,롤플레잉
29,30,(+1),쿠키런: 오븐브레이크,Devsisters Corporation,아케이드
30,31,(-1),무한의계단,NFLY STUDIO,아케이드
31,32,(-5),궁수의 전설,Habby,액션
32,33,(-),모두의마블 for kakao,Netmarble,보드
33,34,(-5),에오스 레드,BluePotion Games,롤플레잉
34,35,(-),냥코 대전쟁,PONOS Corporation,캐주얼 게임
35,36,(-4),마블 퓨처파이트,Netmarble,롤플레잉
36,37,(-),라그나로크M: 영원한 사랑,"GRAVITY Co., Ltd.",롤플레잉
37,38,(-),소녀전선,X.D. Global,롤플레잉
38,39,(NEW),프린세스 커넥트! Re:Dive,Kakao Games Corp.,롤플레잉
39,40,(NEW),로한M,PLAYWITH Inc.,롤플레잉
0,1,(-),리니지2M,NCSOFT Corporation,롤플레잉
1,2,(-),명일방주,Yostar Limited.,전략
2,3,(+1),리니지M,NCSOFT Corporation,롤플레잉
3,4,(-1),브롤스타즈,Supercell,액션
4,5,(-),ROBLOX,Roblox Corporation,어드벤처
5,6,(-),달빛조각사,Kakao Games Corp.,롤플레잉
6,7,(-),V4,NEXON Company,롤플레잉
7,8,(-),검은사막 모바일,PEARL ABYSS,롤플레잉
8,9,(-),라이즈 오브 킹덤즈,Lilith Games,전략
9,10,(+1),메이플스토리M,NEXON Company,롤플레잉
10,11,(+1),더 킹 오브 파이터즈 올스타,Netmarble,롤플레잉
11,12,(-2),일곱개의 대죄: 그랜드 크로스,Netmarble,롤플레잉
12,13,(-),리니지2 레볼루션,Netmarble,롤플레잉
13,14,(+1),좀비고등학교,AWESOMEPIECE,아케이드
14,15,(-1),엑소스 히어로즈,LINE Games,롤플레잉
15,16,(+1),포켓몬고,"Niantic, Inc.",어드벤처
16,17,(+1),배틀그라운드 모바일,PUBG CORPORATION,액션
17,18,(-2),샤이닝라이트,Eyougame Inc.,롤플레잉
18,19,(-),클래시 로얄,Supercell,전략
19,20,(+3),블레이드&소울 레볼루션,Netmarble,롤플레잉
20,21,(-),제5인격,X.D. Global,어드벤처
21,22,(-2),랑그릿사,ZlongGames,전략
22,23,(+1),라스트오리진,smart joy,롤플레잉
23,24,(-2),붕괴3rd,miHoYo Limited,액션
24,25,(+1),세븐나이츠 for kakao,Netmarble,롤플레잉
25,26,(-1),페이트 그랜드 오더,Netmarble,롤플레잉
26,27,(-),클래시 오브 클랜,Supercell,전략
27,28,(-),기적의 검,4399 KOREA,롤플레잉
28,29,(+4),모두의마블 for kakao,Netmarble,보드
29,30,(-1),에픽세븐,Smilegate Megaport,롤플레잉
30,31,(-1),쿠키런: 오븐브레이크,Devsisters Corporation,아케이드
31,32,(+7),프린세스 커넥트! Re:Dive,Kakao Games Corp.,롤플레잉
32,33,(+2),냥코 대전쟁,PONOS Corporation,캐주얼 게임
33,34,(-),에오스 레드,BluePotion Games,롤플레잉
34,35,(+1),마블 퓨처파이트,Netmarble,롤플레잉
35,36,(-5),무한의계단,NFLY STUDIO,아케이드
36,37,(-5),궁수의 전설,Habby,액션
37,38,(NEW),원피스 트레저 크루즈,BANDAI NAMCO Entertainment Inc.,롤플레잉
38,39,(NEW),헌드레드 소울,HOUND 13,액션
39,40,(-2),소녀전선,X.D. Global,롤플레잉
0,1,(-),리니지2M,NCSOFT Corporation,롤플레잉
1,2,(-),명일방주,Yostar Limited.,전략
2,3,(-),리니지M,NCSOFT Corporation,롤플레잉
3,4,(-),브롤스타즈,Supercell,액션
4,5,(-),ROBLOX,Roblox Corporation,어드벤처
5,6,(+1),V4,NEXON Company,롤플레잉
6,7,(-1),달빛조각사,Kakao Games Corp.,롤플레잉
7,8,(NEW),카운터사이드,NEXON Company,롤플레잉
8,9,(-1),검은사막 모바일,PEARL ABYSS,롤플레잉
9,10,(-1),라이즈 오브 킹덤즈,Lilith Games,전략
10,11,(-1),메이플스토리M,NEXON Company,롤플레잉
11,12,(-1),더 킹 오브 파이터즈 올스타,Netmarble,롤플레잉
12,13,(-1),일곱개의 대죄: 그랜드 크로스,Netmarble,롤플레잉
13,14,(-1),리니지2 레볼루션,Netmarble,롤플레잉
14,15,(+1),포켓몬고,"Niantic, Inc.",어드벤처
15,16,(-2),좀비고등학교,AWESOMEPIECE,아케이드
16,17,(-),배틀그라운드 모바일,PUBG CORPORATION,액션
17,18,(-3),엑소스 히어로즈,LINE Games,롤플레잉
18,19,(+1),블레이드&소울 레볼루션,Netmarble,롤플레잉
19,20,(-1),클래시 로얄,Supercell,전략
20,21,(-3),샤이닝라이트,Eyougame Inc.,롤플레잉
21,22,(-1),제5인격,X.D. Global,어드벤처
22,23,(-1),랑그릿사,ZlongGames,전략
23,24,(-1),라스트오리진,smart joy,롤플레잉
24,25,(-1),붕괴3rd,miHoYo Limited,액션
25,26,(-1),세븐나이츠 for kakao,Netmarble,롤플레잉
26,27,(-),클래시 오브 클랜,Supercell,전략
27,28,(+1),모두의마블 for kakao,Netmarble,보드
28,29,(+3),프린세스 커넥트! Re:Dive,Kakao Games Corp.,롤플레잉
29,30,(-4),페이트 그랜드 오더,Netmarble,롤플레잉
30,31,(-),쿠키런: 오븐브레이크,Devsisters Corporation,아케이드
31,32,(-4),기적의 검,4399 KOREA,롤플레잉
32,33,(+6),헌드레드 소울,HOUND 13,액션
33,34,(-1),냥코 대전쟁,PONOS Corporation,캐주얼 게임
34,35,(-5),에픽세븐,Smilegate Megaport,롤플레잉
35,36,(-2),에오스 레드,BluePotion Games,롤플레잉
36,37,(-1),무한의계단,NFLY STUDIO,아케이드
37,38,(-1),궁수의 전설,Habby,액션
38,39,(-4),마블 퓨처파이트,Netmarble,롤플레잉
39,40,(NEW),스카이피아,ICEBIRD GAME,롤플레잉
0,1,(-),리니지2M,NCSOFT Corporation,롤플레잉
1,2,(+1),리니지M,NCSOFT Corporation,롤플레잉
2,3,(+3),V4,NEXON Company,롤플레잉
3,4,(-),브롤스타즈,Supercell,액션
4,5,(-),ROBLOX,Roblox Corporation,어드벤처
5,6,(+1),달빛조각사,Kakao Games Corp.,롤플레잉
6,7,(+1),카운터사이드,NEXON Company,롤플레잉
7,8,(-6),명일방주,Yostar Limited.,전략
8,9,(NEW),이사만루3,GONGGAMES Corp.,스포츠
9,10,(-),라이즈 오브 킹덤즈,Lilith Games,전략
10,11,(-2),검은사막 모바일,PEARL ABYSS,롤플레잉
11,12,(-1),메이플스토리M,NEXON Company,롤플레잉
12,13,(-1),더 킹 오브 파이터즈 올스타,Netmarble,롤플레잉
13,14,(+2),좀비고등학교,AWESOMEPIECE,아케이드
14,15,(NEW),AFK 아레나,Lilith Games,롤플레잉
15,16,(-3),일곱개의 대죄: 그랜드 크로스,Netmarble,롤플레잉
16,17,(-2),포켓몬고,"Niantic, Inc.",어드벤처
17,18,(-1),배틀그라운드 모바일,PUBG CORPORATION,액션
18,19,(-5),리니지2 레볼루션,Netmarble,롤플레잉
19,20,(-2),엑소스 히어로즈,LINE Games,롤플레잉
20,21,(-2),블레이드&소울 레볼루션,Netmarble,롤플레잉
21,22,(-2),클래시 로얄,Supercell,전략
22,23,(+1),라스트오리진,smart joy,롤플레잉
23,24,(-1),랑그릿사,ZlongGames,전략
24,25,(-3),제5인격,X.D. Global,어드벤처
25,26,(-1),붕괴3rd,miHoYo Limited,액션
26,27,(-1),세븐나이츠 for kakao,Netmarble,롤플레잉
27,28,(-7),샤이닝라이트,Eyougame Inc.,롤플레잉
28,29,(-1),모두의마블 for kakao,Netmarble,보드
29,30,(-1),프린세스 커넥트! Re:Dive,Kakao Games Corp.,롤플레잉
30,31,(-4),클래시 오브 클랜,Supercell,전략
31,32,(+1),헌드레드 소울,HOUND 13,액션
32,33,(-3),페이트 그랜드 오더,Netmarble,롤플레잉
33,34,(-2),기적의 검,4399 KOREA,롤플레잉
34,35,(-4),쿠키런: 오븐브레이크,Devsisters Corporation,아케이드
35,36,(-2),냥코 대전쟁,PONOS Corporation,캐주얼 게임
36,37,(-2),에픽세븐,Smilegate Megaport,롤플레잉
37,38,(+2),스카이피아,ICEBIRD GAME,롤플레잉
38,39,(-3),에오스 레드,BluePotion Games,롤플레잉
39,40,(-2),궁수의 전설,Habby,액션
0,1,(+1),리니지M,NCSOFT Corporation,롤플레잉
1,2,(+1),V4,NEXON Company,롤플레잉
2,3,(-2),리니지2M,NCSOFT Corporation,롤플레잉
3,4,(+1),ROBLOX,Roblox Corporation,어드벤처
4,5,(-1),브롤스타즈,Supercell,액션
5,6,(+1),카운터사이드,NEXON Company,롤플레잉
6,7,(+2),이사만루3,GONGGAMES Corp.,스포츠
7,8,(+7),AFK 아레나,Lilith Games,롤플레잉
8,9,(-1),명일방주,Yostar Limited.,전략
9,10,(-4),달빛조각사,Kakao Games Corp.,롤플레잉
10,11,(-),검은사막 모바일,PEARL ABYSS,롤플레잉
11,12,(-2),라이즈 오브 킹덤즈,Lilith Games,전략
12,13,(-1),메이플스토리M,NEXON Company,롤플레잉
13,14,(-1),더 킹 오브 파이터즈 올스타,Netmarble,롤플레잉
14,15,(-1),좀비고등학교,AWESOMEPIECE,아케이드
15,16,(+1),포켓몬고,"Niantic, Inc.",어드벤처
16,17,(-1),일곱개의 대죄: 그랜드 크로스,Netmarble,롤플레잉
17,18,(-),배틀그라운드 모바일,PUBG CORPORATION,액션
18,19,(-),리니지2 레볼루션,Netmarble,롤플레잉
19,20,(-),엑소스 히어로즈,LINE Games,롤플레잉
20,21,(+2),라스트오리진,smart joy,롤플레잉
21,22,(-1),블레이드&소울 레볼루션,Netmarble,롤플레잉
22,23,(-1),클래시 로얄,Supercell,전략
23,24,(-),랑그릿사,ZlongGames,전략
24,25,(-),제5인격,X.D. Global,어드벤처
25,26,(-),붕괴3rd,miHoYo Limited,액션
26,27,(-),세븐나이츠 for kakao,Netmarble,롤플레잉
27,28,(+1),모두의마블 for kakao,Netmarble,보드
28,29,(+3),헌드레드 소울,HOUND 13,액션
29,30,(+1),클래시 오브 클랜,Supercell,전략
30,31,(-1),프린세스 커넥트! Re:Dive,Kakao Games Corp.,롤플레잉
31,32,(+1),페이트 그랜드 오더,Netmarble,롤플레잉
32,33,(+3),냥코 대전쟁,PONOS Corporation,캐주얼 게임
33,34,(+4),스카이피아,ICEBIRD GAME,롤플레잉
34,35,(-1),기적의 검,4399 KOREA,롤플레잉
35,36,(-1),쿠키런: 오븐브레이크,Devsisters Corporation,아케이드
36,37,(-9),샤이닝라이트,Eyougame Inc.,롤플레잉
37,38,(-1),에픽세븐,Smilegate Megaport,롤플레잉
38,39,(-),에오스 레드,BluePotion Games,롤플레잉
39,40,(NEW),마블 퓨처파이트,Netmarble,롤플레잉
0,1,(-),리니지M,NCSOFT Corporation,롤플레잉
1,2,(-),V4,NEXON Company,롤플레잉
2,3,(-),리니지2M,NCSOFT Corporation,롤플레잉
3,4,(+5),명일방주,Yostar Limited.,전략
4,5,(-1),ROBLOX,Roblox Corporation,어드벤처
5,6,(-),카운터사이드,NEXON Company,롤플레잉
6,7,(-2),브롤스타즈,Supercell,액션
7,8,(-),AFK 아레나,Lilith Games,롤플레잉
8,9,(NEW),카오스모바일,(주)엑스엔게임즈,롤플레잉
9,10,(NEW),R5,"YOOZOO GAMES KOREA CO.,LTD.",롤플레잉
10,11,(-4),이사만루3,GONGGAMES Corp.,스포츠
11,12,(-2),달빛조각사,Kakao Games Corp.,롤플레잉
12,13,(-2),검은사막 모바일,PEARL ABYSS,롤플레잉
13,14,(-2),라이즈 오브 킹덤즈,Lilith Games,전략
14,15,(-2),메이플스토리M,NEXON Company,롤플레잉
15,16,(-1),좀비고등학교,AWESOMEPIECE,아케이드
16,17,(-3),더 킹 오브 파이터즈 올스타,Netmarble,롤플레잉
17,18,(-2),포켓몬고,"Niantic, Inc.",어드벤처
18,19,(-2),일곱개의 대죄: 그랜드 크로스,Netmarble,롤플레잉
19,20,(-2),배틀그라운드 모바일,PUBG CORPORATION,액션
20,21,(+1),블레이드&소울 레볼루션,Netmarble,롤플레잉
21,22,(-3),리니지2 레볼루션,Netmarble,롤플레잉
22,23,(-2),라스트오리진,smart joy,롤플레잉
23,24,(-1),클래시 로얄,Supercell,전략
24,25,(-5),엑소스 히어로즈,LINE Games,롤플레잉
25,26,(-1),제5인격,X.D. Global,어드벤처
26,27,(-3),랑그릿사,ZlongGames,전략
27,28,(-1),세븐나이츠 for kakao,Netmarble,롤플레잉
28,29,(-3),붕괴3rd,miHoYo Limited,액션
29,30,(-2),모두의마블 for kakao,Netmarble,보드
30,31,(-1),클래시 오브 클랜,Supercell,전략
31,32,(+1),냥코 대전쟁,PONOS Corporation,캐주얼 게임
32,33,(+3),쿠키런: 오븐브레이크,Devsisters Corporation,아케이드
33,34,(-2),페이트 그랜드 오더,Netmarble,롤플레잉
34,35,(-1),스카이피아,ICEBIRD GAME,롤플레잉
35,36,(-1),기적의 검,4399 KOREA,롤플레잉
36,37,(-8),헌드레드 소울,HOUND 13,액션
37,38,(-7),프린세스 커넥트! Re:Dive,Kakao Games Corp.,롤플레잉
38,39,(-1),에픽세븐,Smilegate Megaport,롤플레잉
39,40,(NEW),궁수의 전설,Habby,액션
0,1,(+2),리니지2M,NCSOFT Corporation,롤플레잉
1,2,(-1),리니지M,NCSOFT Corporation,롤플레잉
2,3,(NEW),테라 히어로,Red Sahara Studio Inc.,롤플레잉
3,4,(-2),V4,NEXON Company,롤플레잉
4,5,(+3),AFK 아레나,Lilith Games,롤플레잉
5,6,(-1),ROBLOX,Roblox Corporation,어드벤처
6,7,(-),브롤스타즈,Supercell,액션
7,8,(+1),카오스모바일,(주)엑스엔게임즈,롤플레잉
8,9,(-3),카운터사이드,NEXON Company,롤플레잉
9,10,(-),R5,"YOOZOO GAMES KOREA CO.,LTD.",롤플레잉
10,11,(+2),검은사막 모바일,PEARL ABYSS,롤플레잉
11,12,(-),달빛조각사,Kakao Games Corp.,롤플레잉
12,13,(-2),이사만루3,GONGGAMES Corp.,스포츠
13,14,(+2),좀비고등학교,AWESOMEPIECE,아케이드
14,15,(-1),라이즈 오브 킹덤즈,Lilith Games,전략
15,16,(-12),명일방주,Yostar Limited.,전략
16,17,(-2),메이플스토리M,NEXON Company,롤플레잉
17,18,(-1),더 킹 오브 파이터즈 올스타,Netmarble,롤플레잉
18,19,(-1),포켓몬고,"Niantic, Inc.",어드벤처
19,20,(-),배틀그라운드 모바일,PUBG CORPORATION,액션
20,21,(-2),일곱개의 대죄: 그랜드 크로스,Netmarble,롤플레잉
21,22,(NEW),랜덤 다이스,royaldice,전략
22,23,(-2),블레이드&소울 레볼루션,Netmarble,롤플레잉
23,24,(-2),리니지2 레볼루션,Netmarble,롤플레잉
24,25,(-1),클래시 로얄,Supercell,전략
25,26,(-3),라스트오리진,smart joy,롤플레잉
26,27,(-2),엑소스 히어로즈,LINE Games,롤플레잉
27,28,(+2),모두의마블 for kakao,Netmarble,보드
28,29,(-3),제5인격,X.D. Global,어드벤처
29,30,(-2),세븐나이츠 for kakao,Netmarble,롤플레잉
30,31,(-4),랑그릿사,ZlongGames,전략
31,32,(-3),붕괴3rd,miHoYo Limited,액션
32,33,(-2),클래시 오브 클랜,Supercell,전략
33,34,(-1),쿠키런: 오븐브레이크,Devsisters Corporation,아케이드
34,35,(-3),냥코 대전쟁,PONOS Corporation,캐주얼 게임
35,36,(NEW),라이프애프터,X.D. Global,어드벤처
36,37,(+2),에픽세븐,Smilegate Megaport,롤플레잉
37,38,(-2),기적의 검,4399 KOREA,롤플레잉
38,39,(NEW),원피스 트레저 크루즈,BANDAI NAMCO Entertainment Inc.,롤플레잉
39,40,(NEW),샤이닝라이트,Eyougame Inc.,롤플레잉
0,1,(NEW),A3: 스틸얼라이브,Netmarble,롤플레잉
1,2,(+1),테라 히어로,Red Sahara Studio Inc.,롤플레잉
2,3,(-2),리니지2M,NCSOFT Corporation,롤플레잉
3,4,(+1),AFK 아레나,Lilith Games,롤플레잉
4,5,(+1),ROBLOX,Roblox Corporation,어드벤처
5,6,(-4),리니지M,NCSOFT Corporation,롤플레잉
6,7,(+1),카오스모바일,(주)엑스엔게임즈,롤플레잉
7,8,(-1),브롤스타즈,Supercell,액션
8,9,(+1),R5,"YOOZOO GAMES KOREA CO.,LTD.",롤플레잉
9,10,(-6),V4,NEXON Company,롤플레잉
10,11,(-2),카운터사이드,NEXON Company,롤플레잉
11,12,(-1),검은사막 모바일,PEARL ABYSS,롤플레잉
12,13,(-1),달빛조각사,Kakao Games Corp.,롤플레잉
13,14,(-),좀비고등학교,AWESOMEPIECE,아케이드
14,15,(-),라이즈 오브 킹덤즈,Lilith Games,전략
15,16,(+1),메이플스토리M,NEXON Company,롤플레잉
16,17,(-1),명일방주,Yostar Limited.,전략
17,18,(+2),배틀그라운드 모바일,PUBG CORPORATION,액션
18,19,(-),포켓몬고,"Niantic, Inc.",어드벤처
19,20,(+1),일곱개의 대죄: 그랜드 크로스,Netmarble,롤플레잉
20,21,(+1),랜덤 다이스,royaldice,전략
21,22,(+1),블레이드&소울 레볼루션,Netmarble,롤플레잉
22,23,(+1),리니지2 레볼루션,Netmarble,롤플레잉
23,24,(-11),이사만루3,GONGGAMES Corp.,스포츠
24,25,(+1),라스트오리진,smart joy,롤플레잉
25,26,(-1),클래시 로얄,Supercell,전략
26,27,(-),엑소스 히어로즈,LINE Games,롤플레잉
27,28,(+2),세븐나이츠 for kakao,Netmarble,롤플레잉
28,29,(-),제5인격,X.D. Global,어드벤처
29,30,(-2),모두의마블 for kakao,Netmarble,보드
30,31,(-),랑그릿사,ZlongGames,전략
31,32,(-),붕괴3rd,miHoYo Limited,액션
32,33,(-),클래시 오브 클랜,Supercell,전략
33,34,(-),쿠키런: 오븐브레이크,Devsisters Corporation,아케이드
34,35,(-),냥코 대전쟁,PONOS Corporation,캐주얼 게임
35,36,(NEW),리치리치,U.LU Games,시뮬레이션
36,37,(NEW),페이트 그랜드 오더,Netmarble,롤플레잉
37,38,(+1),원피스 트레저 크루즈,BANDAI NAMCO Entertainment Inc.,롤플레잉
38,39,(-3),라이프애프터,X.D. Global,어드벤처
39,40,(-3),에픽세븐,Smilegate Megaport,롤플레잉
0,1,(-),A3: 스틸얼라이브,Netmarble,롤플레잉
1,2,(+1),리니지2M,NCSOFT Corporation,롤플레잉
2,3,(+1),AFK 아레나,Lilith Games,롤플레잉
3,4,(+1),ROBLOX,Roblox Corporation,어드벤처
4,5,(-3),테라 히어로,Red Sahara Studio Inc.,롤플레잉
5,6,(+2),브롤스타즈,Supercell,액션
6,7,(-),카오스모바일,(주)엑스엔게임즈,롤플레잉
7,8,(-2),리니지M,NCSOFT Corporation,롤플레잉
8,9,(-),R5,"YOOZOO GAMES KOREA CO.,LTD.",롤플레잉
9,10,(-),V4,NEXON Company,롤플레잉
10,11,(+2),달빛조각사,Kakao Games Corp.,롤플레잉
11,12,(-),검은사막 모바일,PEARL ABYSS,롤플레잉
12,13,(-2),카운터사이드,NEXON Company,롤플레잉
13,14,(-),좀비고등학교,AWESOMEPIECE,아케이드
14,15,(+1),메이플스토리M,NEXON Company,롤플레잉
15,16,(-1),라이즈 오브 킹덤즈,Lilith Games,전략
16,17,(+1),배틀그라운드 모바일,PUBG CORPORATION,액션
17,18,(-),더 킹 오브 파이터즈 올스타,Netmarble,롤플레잉
18,19,(NEW),전략적 팀 전투,"Riot Games, Inc",전략
19,20,(-),일곱개의 대죄: 그랜드 크로스,Netmarble,롤플레잉
20,21,(-4),명일방주,Yostar Limited.,전략
21,22,(-3),포켓몬고,"Niantic, Inc.",어드벤처
22,23,(-2),랜덤 다이스,royaldice,전략
23,24,(-1),리니지2 레볼루션,Netmarble,롤플레잉
24,25,(-3),블레이드&소울 레볼루션,Netmarble,롤플레잉
25,26,(+2),세븐나이츠 for kakao,Netmarble,롤플레잉
26,27,(-1),클래시 로얄,Supercell,전략
27,28,(+1),제5인격,X.D. Global,어드벤처
28,29,(-4),라스트오리진,smart joy,롤플레잉
29,30,(-6),이사만루3,GONGGAMES Corp.,스포츠
30,31,(-1),모두의마블 for kakao,Netmarble,보드
31,32,(-5),엑소스 히어로즈,LINE Games,롤플레잉
32,33,(-2),랑그릿사,ZlongGames,전략
33,34,(-1),클래시 오브 클랜,Supercell,전략
34,35,(+1),리치리치,U.LU Games,시뮬레이션
35,36,(+2),원피스 트레저 크루즈,BANDAI NAMCO Entertainment Inc.,롤플레잉
36,37,(-2),냥코 대전쟁,PONOS Corporation,캐주얼 게임
37,38,(-6),붕괴3rd,miHoYo Limited,액션
38,39,(-5),쿠키런: 오븐브레이크,Devsisters Corporation,아케이드
39,40,(-1),라이프애프터,X.D. Global,어드벤처
0,1,(-),A3: 스틸얼라이브,Netmarble,롤플레잉
1,2,(+17),전략적 팀 전투,"Riot Games, Inc",전략
2,3,(-1),리니지2M,NCSOFT Corporation,롤플레잉
3,4,(+1),테라 히어로,Red Sahara Studio Inc.,롤플레잉
4,5,(-1),ROBLOX,Roblox Corporation,어드벤처
5,6,(-3),AFK 아레나,Lilith Games,롤플레잉
6,7,(-1),브롤스타즈,Supercell,액션
7,8,(+6),좀비고등학교,AWESOMEPIECE,아케이드
8,9,(-1),리니지M,NCSOFT Corporation,롤플레잉
9,10,(-),V4,NEXON Company,롤플레잉
10,11,(-),달빛조각사,Kakao Games Corp.,롤플레잉
11,12,(-5),카오스모바일,(주)엑스엔게임즈,롤플레잉
12,13,(-1),검은사막 모바일,PEARL ABYSS,롤플레잉
13,14,(-1),카운터사이드,NEXON Company,롤플레잉
14,15,(-),메이플스토리M,NEXON Company,롤플레잉
15,16,(-),라이즈 오브 킹덤즈,Lilith Games,전략
16,17,(-),배틀그라운드 모바일,PUBG CORPORATION,액션
17,18,(-),더 킹 오브 파이터즈 올스타,Netmarble,롤플레잉
18,19,(+1),일곱개의 대죄: 그랜드 크로스,Netmarble,롤플레잉
19,20,(-11),R5,"YOOZOO GAMES KOREA CO.,LTD.",롤플레잉
20,21,(+1),포켓몬고,"Niantic, Inc.",어드벤처
21,22,(+2),리니지2 레볼루션,Netmarble,롤플레잉
22,23,(-2),명일방주,Yostar Limited.,전략
23,24,(NEW),로드 오브 히어로즈,"Clover Games Co.,Ltd",롤플레잉
24,25,(-2),랜덤 다이스,royaldice,전략
25,26,(-),세븐나이츠 for kakao,Netmarble,롤플레잉
26,27,(-2),블레이드&소울 레볼루션,Netmarble,롤플레잉
27,28,(-),제5인격,X.D. Global,어드벤처
28,29,(-),라스트오리진,smart joy,롤플레잉
29,30,(+1),모두의마블 for kakao,Netmarble,보드
30,31,(-4),클래시 로얄,Supercell,전략
31,32,(-2),이사만루3,GONGGAMES Corp.,스포츠
32,33,(+1),클래시 오브 클랜,Supercell,전략
33,34,(-2),엑소스 히어로즈,LINE Games,롤플레잉
34,35,(-2),랑그릿사,ZlongGames,전략
35,36,(-1),리치리치,U.LU Games,시뮬레이션
36,37,(NEW),프린세스 커넥트! Re:Dive,Kakao Games Corp.,롤플레잉
37,38,(-2),원피스 트레저 크루즈,BANDAI NAMCO Entertainment Inc.,롤플레잉
38,39,(NEW),궁수의 전설,Habby,액션
39,40,(-3),냥코 대전쟁,PONOS Corporation,캐주얼 게임
0,1,(-),A3: 스틸얼라이브,Netmarble,롤플레잉
1,2,(-),전략적 팀 전투,"Riot Games, Inc",전략
2,3,(-),리니지2M,NCSOFT Corporation,롤플레잉
3,4,(+1),ROBLOX,Roblox Corporation,어드벤처
4,5,(NEW),블레스 모바일,JOYCITY Corp.,롤플레잉
5,6,(+2),좀비고등학교,AWESOMEPIECE,아케이드
6,7,(-),브롤스타즈,Supercell,액션
7,8,(-2),AFK 아레나,Lilith Games,롤플레잉
8,9,(-),리니지M,NCSOFT Corporation,롤플레잉
9,10,(-),V4,NEXON Company,롤플레잉
10,11,(-),달빛조각사,Kakao Games Corp.,롤플레잉
11,12,(+1),검은사막 모바일,PEARL ABYSS,롤플레잉
12,13,(+1),카운터사이드,NEXON Company,롤플레잉
13,14,(+4),더 킹 오브 파이터즈 올스타,Netmarble,롤플레잉
14,15,(-),메이플스토리M,NEXON Company,롤플레잉
15,16,(-),라이즈 오브 킹덤즈,Lilith Games,전략
16,17,(+7),로드 오브 히어로즈,"Clover Games Co.,Ltd",롤플레잉
17,18,(-1),배틀그라운드 모바일,PUBG CORPORATION,액션
18,19,(-),일곱개의 대죄: 그랜드 크로스,Netmarble,롤플레잉
19,20,(-16),테라 히어로,Red Sahara Studio Inc.,롤플레잉
20,21,(-9),카오스모바일,(주)엑스엔게임즈,롤플레잉
21,22,(-1),포켓몬고,"Niantic, Inc.",어드벤처
22,23,(-1),리니지2 레볼루션,Netmarble,롤플레잉
23,24,(-1),명일방주,Yostar Limited.,전략
24,25,(NEW),라그나로크 택틱스,"GRAVITY Co., Ltd.",전략
25,26,(-),세븐나이츠 for kakao,Netmarble,롤플레잉
26,27,(-2),랜덤 다이스,royaldice,전략
27,28,(-1),블레이드&소울 레볼루션,Netmarble,롤플레잉
28,29,(-),라스트오리진,smart joy,롤플레잉
29,30,(-2),제5인격,X.D. Global,어드벤처
30,31,(-11),R5,"YOOZOO GAMES KOREA CO.,LTD.",롤플레잉
31,32,(-2),모두의마블 for kakao,Netmarble,보드
32,33,(-1),이사만루3,GONGGAMES Corp.,스포츠
33,34,(-1),클래시 오브 클랜,Supercell,전략
34,35,(-4),클래시 로얄,Supercell,전략
35,36,(+1),프린세스 커넥트! Re:Dive,Kakao Games Corp.,롤플레잉
36,37,(-1),리치리치,U.LU Games,시뮬레이션
37,38,(NEW),에오스 레드,BluePotion Games,롤플레잉
38,39,(-4),랑그릿사,ZlongGames,전략
39,40,(-6),엑소스 히어로즈,LINE Games,롤플레잉
